"Date","DailyDischarge","DailySSC","DailySuspendedSediment","DailySSfines","DailySSsand","TotalSedimentDischarge","ProjectYear"
2014-08-27,12.26357871,22.76977099,24,16.8,7.2,32,"proj year 3"
2014-08-28,12.47488378,12.15116041,13.1,9.4,3.7,17.46666667,"proj year 3"
2014-08-29,12.0298816,9.827101059,10.2,7.3,2.9,13.6,"proj year 3"
2014-08-30,11.64890171,10.31245464,10.4,7.4,3,13.86666667,"proj year 3"
2014-08-31,11.13735421,9.358531562,9,6.4,2.6,12,"proj year 3"
2014-09-01,10.39048334,9.752124419,8.8,6.3,2.5,11.73333333,"proj year 3"
2014-09-02,10.31116788,7.814061729,7,5,2,9.333333333,"proj year 3"
2014-09-03,11.44041933,7.214147739,7.2,5.2,2,9.6,"proj year 3"
2014-09-04,9.957218623,24.42338008,20.7,14.2,6.5,27.6,"proj year 3"
2014-09-05,9.385405298,16.53566958,13.4,9.5,3.9,17.86666667,"proj year 3"
2014-09-06,9.111957138,13.6486022,10.7,7.6,3.1,14.26666667,"proj year 3"
2014-09-07,8.927315741,18.42367529,14.2,10,4.2,18.93333333,"proj year 3"
2014-09-08,8.941690936,10.29915995,8,5.7,2.3,10.66666667,"proj year 3"
2014-09-09,8.780049851,8.169900076,6.2,4.5,1.7,8.266666667,"proj year 3"
2014-09-10,8.54365775,8.075241041,6,4.3,1.7,8,"proj year 3"
2014-09-11,8.055540007,7.373376994,5.1,3.7,1.4,6.8,"proj year 3"
2014-09-12,7.713729807,7.335161039,4.9,3.5,1.4,6.533333333,"proj year 3"
2014-09-13,7.445712277,9.556293033,6.1,4.4,1.7,8.133333333,"proj year 3"
2014-09-14,7.299724182,6.325112713,4,2.9,1.1,5.333333333,"proj year 3"
2014-09-15,7.229445449,7.107046311,4.4,3.2,1.2,5.866666667,"proj year 3"
2014-09-16,7.251167967,7.934047011,5,3.6,1.4,6.666666667,"proj year 3"
2014-09-17,7.524296678,7.958951358,5.2,3.7,1.5,6.933333333,"proj year 3"
2014-09-18,8.805286305,71.95526898,56.2,35.2,21,74.93333333,"proj year 3"
2014-09-19,9.244208935,38.41981321,30.6,21.1,9.5,40.8,"proj year 3"
2014-09-20,8.86182874,16.08753958,12.4,8.8,3.6,16.53333333,"proj year 3"
2014-09-21,8.206000384,9.759743437,6.9,5,1.9,9.2,"proj year 3"
2014-09-22,8.178847238,8.826150539,6.2,4.5,1.7,8.266666667,"proj year 3"
2014-09-23,9.486351114,16.49079002,15.8,11.1,4.7,21.06666667,"proj year 3"
2014-09-24,30.19461859,644.5257665,2043.5,1175.4,868.1,2724.666667,"proj year 3"
2014-09-25,16.91385481,151.4612742,235,156.2,78.8,313.3333333,"proj year 3"
2014-09-26,24.09985522,203.1969678,474.6,310.9,163.7,632.8,"proj year 3"
2014-09-27,19.40874982,164.5874718,290.4,192.8,97.6,387.2,"proj year 3"
2014-09-28,12.42783552,126.4131935,134.1,89.8,44.3,178.8,"proj year 3"
2014-09-29,10.44501692,144.2682873,130.4,87,43.4,173.8666667,"proj year 3"
2014-09-30,10.65361697,128.8072345,118.5,79.3,39.2,158,"proj year 3"
2014-10-01,9.585107566,90.03273041,75,50.6,24.4,100,"proj year 4"
2014-10-02,8.412613037,91.75511138,66.5,44.9,21.6,88.66666667,"proj year 4"
2014-10-03,7.925467707,88.63966458,60.8,41.1,19.7,81.06666667,"proj year 4"
2014-10-04,7.967294904,90.48139998,62.3,42,20.3,83.06666667,"proj year 4"
2014-10-05,8.105670595,68.3110306,47.8,32.5,15.3,63.73333333,"proj year 4"
2014-10-06,8.068246261,79.30436445,55.2,37.4,17.8,73.6,"proj year 4"
2014-10-07,8.09780834,69.81384751,48.8,33.2,15.6,65.06666667,"proj year 4"
2014-10-08,7.526065144,53.05690386,34.6,23.7,10.9,46.13333333,"proj year 4"
2014-10-09,7.050241461,48.90546203,29.8,20.5,9.3,39.73333333,"proj year 4"
2014-10-10,6.758080058,45.40730344,26.6,18.3,8.3,35.46666667,"proj year 4"
2014-10-11,7.634249775,52.73210174,36.9,25.2,11.7,49.2,"proj year 4"
2014-10-12,9.653591394,94.04696841,80.8,54.5,26.3,107.7333333,"proj year 4"
2014-10-13,7.873576823,120.552831,87.6,56.3,31.3,116.8,"proj year 4"
2014-10-14,31.94560074,1193.183366,3842.7,2215.1,1627.6,5123.6,"proj year 4"
2014-10-15,18.52944851,670.9785498,1208.4,689.1,519.3,1611.2,"proj year 4"
2014-10-16,24.94945159,749.2283306,1675,942.9,732.1,2233.333333,"proj year 4"
2014-10-17,21.39822817,613.6094668,1458.6,844.8,613.8,1944.8,"proj year 4"
2014-10-18,43.62608152,983.5830202,3850,2175.6,1674.4,5133.333333,"proj year 4"
2014-10-19,22.91595791,463.2146861,948.5,556.2,392.3,1264.666667,"proj year 4"
2014-10-20,54.9851533,931.4498415,5160,2957.6,2202.4,6880,"proj year 4"
2014-10-21,71.53394249,1090.139403,7181,4103.7,3077.3,9574.666667,"proj year 4"
2014-10-22,123.8493884,7054.941615,79464.1,50190.8,29273.3,105952.1333,"proj year 4"
2014-10-23,95.78113745,7881.577456,65843.7,41467,24376.7,87791.6,"proj year 4"
2014-10-24,54.18037286,4952.383952,23841.6,14673.7,9167.9,31788.8,"proj year 4"
2014-10-25,81.48126773,4941.518099,42007.8,26137.2,15870.6,56010.4,"proj year 4"
2014-10-26,121.8555205,6163.142142,66321.5,41254.2,25067.3,88428.66667,"proj year 4"
2014-10-27,68.20349119,3427.24683,20534.5,12384.6,8149.9,27379.33333,"proj year 4"
2014-10-28,75.72609695,2830.830473,18823.6,11231.2,7592.4,25098.13333,"proj year 4"
2014-10-29,107.7003163,3490.166875,32965.6,19892.3,13073.3,43954.13333,"proj year 4"
2014-10-30,97.21835769,2787.430461,26440,15897.9,10542.1,35253.33333,"proj year 4"
2014-10-31,116.2890438,2638.839228,28164.6,16813.5,11351.1,37552.8,"proj year 4"
2014-11-01,83.38015105,1609.703858,11609.7,6715.3,4894.4,15479.6,"proj year 4"
2014-11-02,70.94346645,1305.55184,8040.7,4602.6,3438.1,10720.93333,"proj year 4"
2014-11-03,74.48433929,1141.897351,7521.8,4284.8,3237,10029.06667,"proj year 4"
2014-11-04,150.206724,3444.903095,47105.4,28476.8,18628.6,62807.2,"proj year 4"
2014-11-05,92.45962435,1856.283757,14907,8692.5,6214.5,19876,"proj year 4"
2014-11-06,135.8636688,2377.21106,28488.2,16845.5,11642.7,37984.26667,"proj year 4"
2014-11-07,115.0941184,1448.149834,14852.5,8566.1,6286.4,19803.33333,"proj year 4"
2014-11-08,86.07093208,1289.041923,9551.4,5460.3,4091.1,12735.2,"proj year 4"
2014-11-09,81.38652113,1293.934924,9153.6,5236.9,3916.7,12204.8,"proj year 4"
2014-11-10,69.9889429,1088.415622,6591,3735.8,2855.2,8788,"proj year 4"
2014-11-11,63.69160767,908.339668,5021.8,2819.9,2201.9,6695.733333,"proj year 4"
2014-11-12,52.16486949,633.6738895,2855.4,1572.3,1283.1,3807.2,"proj year 4"
2014-11-13,49.30444909,617.0134044,2630.2,1450.8,1179.4,3506.933333,"proj year 4"
2014-11-14,45.58401242,448.2161994,1769.8,1051.6,718.2,2359.733333,"proj year 4"
2014-11-15,41.39733982,312.714251,1119.4,730.3,389.1,1492.533333,"proj year 4"
2014-11-16,39.01575631,240.4060823,812.2,535,277.2,1082.933333,"proj year 4"
2014-11-17,36.72868008,241.6977212,767.6,505.4,262.2,1023.466667,"proj year 4"
2014-11-18,34.19903516,307.5163765,908.7,584.5,324.2,1211.6,"proj year 4"
2014-11-19,32.29628855,224.4316864,629.3,408.6,220.7,839.0666667,"proj year 4"
2014-11-20,32.41284753,158.0651005,442.2,294.6,147.6,589.6,"proj year 4"
2014-11-21,48.81301122,681.8179181,3775.9,2186,1589.9,5034.533333,"proj year 4"
2014-11-22,63.34508097,783.2590648,4388.7,2447.8,1940.9,5851.6,"proj year 4"
2014-11-23,58.59451492,762.2548451,3844.4,2145.8,1698.6,5125.866667,"proj year 4"
2014-11-24,52.57440105,438.3957142,2011.4,1200.7,810.7,2681.866667,"proj year 4"
2014-11-25,116.9212592,1615.474642,20461.5,12091.4,8370.1,27282,"proj year 4"
2014-11-26,144.8135084,2746.470358,35186.9,20967,14219.9,46915.86667,"proj year 4"
2014-11-27,169.0703775,3215.239992,48125.5,28930.7,19194.8,64167.33333,"proj year 4"
2014-11-28,278.6830736,8294.893751,203550.1,128629,74921.1,271400.1333,"proj year 4"
2014-11-29,140.3905676,5817.343568,72173.8,44751.2,27422.6,96231.73333,"proj year 4"
2014-11-30,87.25542335,4652.950056,35164.7,21522.3,13642.4,46886.26667,"proj year 4"
2014-12-01,79.52165426,3474.477255,25000,15000,10000,33333.33333,"proj year 4"
2014-12-02,73.97710286,NA,15000,9000,6000,20000,"proj year 4"
2014-12-03,66.78511022,NA,12000,7000,5000,16000,"proj year 4"
2014-12-04,61.45855082,1780.397852,9453.9,5766.9,3687,12605.2,"proj year 4"
2014-12-05,60.82157361,1743.509572,9189.7,5339.3,3850.4,12252.93333,"proj year 4"
2014-12-06,66.5088701,1687.562292,9722.1,5640,4082.1,12962.8,"proj year 4"
2014-12-07,59.49887094,1358.95543,7001.9,4016,2985.9,9335.866667,"proj year 4"
2014-12-08,65.71589848,1771.430329,10987.9,6474.7,4513.2,14650.53333,"proj year 4"
2014-12-09,318.3878571,10381.17059,299187.9,191669.5,107518.4,398917.2,"proj year 4"
2014-12-10,320.3995351,10159.32442,296562,189772.8,106789.2,395416,"proj year 4"
2014-12-11,301.7159536,7908.582067,218073.1,137842.8,80230.3,290764.1333,"proj year 4"
2014-12-12,227.368364,5317.888566,107205.7,66222.6,40983.1,142940.9333,"proj year 4"
2014-12-13,139.1502708,3349.082828,40564.7,24403.7,16161,54086.26667,"proj year 4"
2014-12-14,98.93945963,2496.054977,21561.3,12776.9,8784.4,28748.4,"proj year 4"
2014-12-15,81.49733377,2034.321666,14368.5,8416.4,5952.1,19158,"proj year 4"
2014-12-16,71.64368636,2026.424154,12547.3,7346.4,5200.9,16729.73333,"proj year 4"
2014-12-17,64.43869418,1781.009347,9927.1,5772.8,4154.3,13236.13333,"proj year 4"
2014-12-18,59.94735489,1533.826181,7944.8,4583.1,3361.7,10593.06667,"proj year 4"
2014-12-19,65.41690917,1583.29468,8992.2,5200.4,3791.8,11989.6,"proj year 4"
2014-12-20,69.641758,1864.045464,13500.6,8062.1,5438.5,18000.8,"proj year 4"
2014-12-21,144.8115682,4821.395227,62757.9,38583.8,24174.1,83677.2,"proj year 4"
2014-12-22,79.05017133,2386.111279,16543.4,9792.7,6750.7,22057.86667,"proj year 4"
2014-12-23,90.67175548,2124.31219,18072.6,10680.1,7392.5,24096.8,"proj year 4"
2014-12-24,93.85664151,2536.289597,20867.9,12381.3,8486.6,27823.86667,"proj year 4"
2014-12-25,75.59554495,1499.718042,9849.4,5681.2,4168.2,13132.53333,"proj year 4"
2014-12-26,69.64500788,1025.468646,6175.3,3488.2,2687.1,8233.733333,"proj year 4"
2014-12-27,67.99081707,778.480821,4573.3,2545.2,2028.1,6097.733333,"proj year 4"
2014-12-28,64.53619069,588.1552877,3283.6,1801,1482.6,4378.133333,"proj year 4"
2014-12-29,60.09359966,471.0711196,2451.5,1407.7,1043.8,3268.666667,"proj year 4"
2014-12-30,54.1203134,356.4007277,1672.9,1072.8,600.1,2230.533333,"proj year 4"
2014-12-31,49.90196435,258.2850775,1113.6,729.4,384.2,1484.8,"proj year 4"
2015-01-01,51.31258503,192.3929501,852.6,565.1,287.5,1136.8,"proj year 4"
2015-01-02,50.67115834,170.0663687,744.4,495,249.4,992.5333333,"proj year 4"
2015-01-03,47.42903057,171.6839662,703.6,467.5,236.1,938.1333333,"proj year 4"
2015-01-04,50.09803812,418.4899105,2205.2,1319.3,885.9,2940.266667,"proj year 4"
2015-01-05,194.1178189,4272.982769,76131.4,46604,29527.4,101508.5333,"proj year 4"
2015-01-06,91.10945502,2121.141283,17112.9,10064.6,7048.3,22817.2,"proj year 4"
2015-01-07,69.4141889,1319.261833,7942.2,4547.3,3394.9,10589.6,"proj year 4"
2015-01-08,62.49342899,997.596139,5387.8,3037.9,2349.9,7183.733333,"proj year 4"
2015-01-09,58.99472996,826.600747,4221.4,2357.2,1864.2,5628.533333,"proj year 4"
2015-01-10,56.29240146,673.014552,3275.7,1809.1,1466.6,4367.6,"proj year 4"
2015-01-11,51.95734675,541.3343673,2433.6,1335,1098.6,3244.8,"proj year 4"
2015-01-12,47.74891162,422.380171,1745.5,1041.2,704.3,2327.333333,"proj year 4"
2015-01-13,47.7022623,329.6324516,1358.1,880.4,477.7,1810.8,"proj year 4"
2015-01-14,48.76520039,305.793909,1288.4,843.4,445,1717.866667,"proj year 4"
2015-01-15,49.14839124,279.4795526,1194.8,773.1,421.7,1593.066667,"proj year 4"
2015-01-16,56.99547336,473.7419857,2412.8,1406.9,1005.9,3217.066667,"proj year 4"
2015-01-17,46.51936882,289.4662763,1167.3,758,409.3,1556.4,"proj year 4"
2015-01-18,120.0653547,1743.820286,19153.8,11179.5,7974.3,25538.4,"proj year 4"
2015-01-19,75.74183601,1038.650545,6840.5,3867.3,2973.2,9120.666667,"proj year 4"
2015-01-20,63.45640425,754.6782528,4151.8,2307.8,1844,5535.733333,"proj year 4"
2015-01-21,56.80887608,689.2793412,3382.9,1870.8,1512.1,4510.533333,"proj year 4"
2015-01-22,53.81332329,537.4451484,2499.2,1379.9,1119.3,3332.266667,"proj year 4"
2015-01-23,72.48304777,776.0424508,5482.2,3101.6,2380.6,7309.6,"proj year 4"
2015-01-24,93.51522712,1070.00865,8684.5,4916.8,3767.7,11579.33333,"proj year 4"
2015-01-25,70.07727567,910.1608479,5556.7,3120.4,2436.3,7408.933333,"proj year 4"
2015-01-26,58.71483403,709.6560433,3602.5,1995.2,1607.3,4803.333333,"proj year 4"
2015-01-27,54.77629855,567.8430302,2695.6,1492.5,1203.1,3594.133333,"proj year 4"
2015-01-28,52.01066026,498.2254513,2249.1,1296.9,952.2,2998.8,"proj year 4"
2015-01-29,48.75187201,352.5519894,1483.5,932.4,551.1,1978,"proj year 4"
2015-01-30,46.9392127,273.3846151,1109.5,723.8,385.7,1479.333333,"proj year 4"
2015-01-31,45.66635267,234.296539,924.1,609.1,315,1232.133333,"proj year 4"
2015-02-01,45.37527569,204.6619898,802.2,530.7,271.5,1069.6,"proj year 4"
2015-02-02,45.00855337,154.6405739,601.9,401.2,200.7,802.5333333,"proj year 4"
2015-02-03,43.82048642,155.9898243,589.8,393,196.8,786.4,"proj year 4"
2015-02-04,42.30258785,174.8781555,639,424.5,214.5,852,"proj year 4"
2015-02-05,103.695022,1378.724043,17944.1,10629.4,7314.7,23925.46667,"proj year 4"
2015-02-06,360.6102932,6314.011441,206265.7,128776.2,77489.5,275020.9333,"proj year 4"
2015-02-07,241.3593351,4140.103739,88124.7,53671.4,34453.3,117499.6,"proj year 4"
2015-02-08,178.0182019,3143.954136,50037.2,30067.3,19969.9,66716.26667,"proj year 4"
2015-02-09,121.8828798,2130.156778,22464.7,13188.1,9276.6,29952.93333,"proj year 4"
2015-02-10,94.3890585,1702.350016,13996.6,8125.9,5870.7,18662.13333,"proj year 4"
2015-02-11,77.77631496,1235.466713,8324.8,4748.9,3575.9,11099.73333,"proj year 4"
2015-02-12,71.25372643,1123.90765,6926,3930.8,2995.2,9234.666667,"proj year 4"
2015-02-13,71.98743349,900.4589605,5621.7,3154.4,2467.3,7495.6,"proj year 4"
2015-02-14,66.35673658,800.9126442,4602.3,2566.2,2036.1,6136.4,"proj year 4"
2015-02-15,61.47657488,646.0502895,3436.7,1897.5,1539.2,4582.266667,"proj year 4"
2015-02-16,59.22833487,480.5284959,2463.3,1407.4,1055.9,3284.4,"proj year 4"
2015-02-17,57.00028864,305.330855,1505.4,983,522.4,2007.2,"proj year 4"
2015-02-18,54.42221701,253.5647772,1193.5,785.2,408.3,1591.333333,"proj year 4"
2015-02-19,52.36581784,207.9896009,941.2,622.6,318.6,1254.933333,"proj year 4"
2015-02-20,49.70360549,220.944942,950.9,625.5,325.4,1267.866667,"proj year 4"
2015-02-21,45.54705398,163.5554176,644.7,429.1,215.6,859.6,"proj year 4"
2015-02-22,42.79733528,135.4834984,500.9,335.2,165.7,667.8666667,"proj year 4"
2015-02-23,40.22936054,140.8786192,489,326.8,162.2,652,"proj year 4"
2015-02-24,38.18305825,132.241928,436.7,292.3,144.4,582.2666667,"proj year 4"
2015-02-25,36.85363489,99.56209705,317.4,214.1,103.3,423.2,"proj year 4"
2015-02-26,35.92135573,92.9031165,288.3,194.9,93.4,384.4,"proj year 4"
2015-02-27,36.88392555,110.7301779,353.4,237.7,115.7,471.2,"proj year 4"
2015-02-28,35.07994854,71.9457941,218.5,148.7,69.8,291.3333333,"proj year 4"
2015-03-01,33.36267498,58.62607252,169.1,115.7,53.4,225.4666667,"proj year 4"
2015-03-02,32.68667539,51.71088392,146.1,100.3,45.8,194.8,"proj year 4"
2015-03-03,31.77621091,48.73463759,133.8,92,41.8,178.4,"proj year 4"
2015-03-04,30.99647979,58.88112236,157.6,107.8,49.8,210.1333333,"proj year 4"
2015-03-05,30.4211863,61.1188714,160.7,109.8,50.9,214.2666667,"proj year 4"
2015-03-06,29.81521049,52.30895674,134.9,92.5,42.4,179.8666667,"proj year 4"
2015-03-07,29.27093282,42.24017045,106.9,73.8,33.1,142.5333333,"proj year 4"
2015-03-08,28.63961074,41.24968257,102,70.4,31.6,136,"proj year 4"
2015-03-09,28.11067424,52.35679083,127.2,87.3,39.9,169.6,"proj year 4"
2015-03-10,27.01544883,30.86973909,72.1,50.2,21.9,96.13333333,"proj year 4"
2015-03-11,27.82786329,32.26141739,78.4,54.5,23.9,104.5333333,"proj year 4"
2015-03-12,34.22279239,72.42885635,216.8,147.3,69.5,289.0666667,"proj year 4"
2015-03-13,29.83622121,42.55091525,110.1,75.9,34.2,146.8,"proj year 4"
2015-03-14,51.0573807,506.1433172,2934.7,1665.4,1269.3,3912.933333,"proj year 4"
2015-03-15,47.11737067,400.0098181,1639,976.9,662.1,2185.333333,"proj year 4"
2015-03-16,41.23103437,212.3686526,771.1,497.4,273.7,1028.133333,"proj year 4"
2015-03-17,38.38958478,102.6306949,341.3,230,111.3,455.0666667,"proj year 4"
2015-03-18,36.49195002,82.67188314,260.9,176.9,84,347.8666667,"proj year 4"
2015-03-19,35.98835977,69.83021673,217.5,148.1,69.4,290,"proj year 4"
2015-03-20,52.046552,285.1255961,1480.7,904.7,576,1974.266667,"proj year 4"
2015-03-21,84.71321718,834.8870281,6331,3552.8,2778.2,8441.333333,"proj year 4"
2015-03-22,60.20738198,309.8522244,1630.3,1039.4,590.9,2173.733333,"proj year 4"
2015-03-23,52.11325269,178.8437606,810.3,538,272.3,1080.4,"proj year 4"
2015-03-24,46.10685514,137.4974009,550.4,367.8,182.6,733.8666667,"proj year 4"
2015-03-25,47.16072612,124.8000161,520.3,348.4,171.9,693.7333333,"proj year 4"
2015-03-26,52.23331394,152.4817212,698.5,465.3,233.2,931.3333333,"proj year 4"
2015-03-27,46.19356605,104.0443772,417.8,281.3,136.5,557.0666667,"proj year 4"
2015-03-28,49.9721604,111.1046214,485.5,326.3,159.2,647.3333333,"proj year 4"
2015-03-29,46.17355584,69.25435334,277.5,189,88.5,370,"proj year 4"
2015-03-30,51.20612325,86.90115385,385.8,261.1,124.7,514.4,"proj year 4"
2015-03-31,49.56195112,67.66792725,291.3,198.5,92.8,388.4,"proj year 4"
2015-04-01,45.30111139,45.5418546,178.6,123,55.6,238.1333333,"proj year 4"
2015-04-02,42.2423273,35.04729107,128.1,88.9,39.2,170.8,"proj year 4"
2015-04-03,40.41860567,29.94268028,104.6,72.9,31.7,139.4666667,"proj year 4"
2015-04-04,38.73491386,25.78905802,86.3,60.4,25.9,115.0666667,"proj year 4"
2015-04-05,37.56799874,22.40747108,72.7,51.1,21.6,96.93333333,"proj year 4"
2015-04-06,36.43109001,22.13594734,69.7,48.9,20.8,92.93333333,"proj year 4"
2015-04-07,35.22750041,23.11135441,70.3,49.3,21,93.73333333,"proj year 4"
2015-04-08,33.62382564,18.8341201,54.7,38.6,16.1,72.93333333,"proj year 4"
2015-04-09,32.2088577,17.73051477,49.4,34.9,14.5,65.86666667,"proj year 4"
2015-04-10,31.61206397,18.1065432,49.8,35.1,14.7,66.4,"proj year 4"
2015-04-11,34.12393212,24.45875545,72.2,50.6,21.6,96.26666667,"proj year 4"
2015-04-12,31.8921236,17.91480682,49.8,35.1,14.7,66.4,"proj year 4"
2015-04-13,30.81722807,12.13353622,32.3,23.1,9.2,43.06666667,"proj year 4"
2015-04-14,29.91970364,12.04192468,31.1,22.2,8.9,41.46666667,"proj year 4"
2015-04-15,28.42471868,11.92654029,29.3,20.9,8.4,39.06666667,"proj year 4"
2015-04-16,27.94695029,13.93718662,33.6,23.9,9.7,44.8,"proj year 4"
2015-04-17,28.89815281,18.52578941,46.3,32.6,13.7,61.73333333,"proj year 4"
2015-04-18,29.32391013,17.26934843,43.9,31,12.9,58.53333333,"proj year 4"
2015-04-19,28.72078171,12.56572197,31.3,22.3,9,41.73333333,"proj year 4"
2015-04-20,28.67510532,11.73642881,29.1,20.8,8.3,38.8,"proj year 4"
2015-04-21,29.4916125,14.94165555,38.2,27.1,11.1,50.93333333,"proj year 4"
2015-04-22,28.50640273,9.309962147,23,16.5,6.5,30.66666667,"proj year 4"
2015-04-23,27.11343949,8.634109772,20.3,14.6,5.7,27.06666667,"proj year 4"
2015-04-24,27.64021831,13.83124493,33,23.5,9.5,44,"proj year 4"
2015-04-25,26.55165321,12.05857937,27.7,19.8,7.9,36.93333333,"proj year 4"
2015-04-26,25.45608661,12.57480242,27.7,19.7,8,36.93333333,"proj year 4"
2015-04-27,27.12877609,13.94450465,33,23.5,9.5,44,"proj year 4"
2015-04-28,34.0839236,24.67251481,72.8,50.9,21.9,97.06666667,"proj year 4"
2015-04-29,30.18075923,13.8184184,36.4,25.9,10.5,48.53333333,"proj year 4"
2015-04-30,27.24946845,17.43578682,41.1,29,12.1,54.8,"proj year 4"
2015-05-01,25.17778042,12.63579261,27.5,19.6,7.9,36.66666667,"proj year 4"
2015-05-02,24.82023902,14.40310443,31,22,9,41.33333333,"proj year 4"
2015-05-03,24.17025458,10.51531596,21.9,15.7,6.2,29.2,"proj year 4"
2015-05-04,23.9157735,11.18252482,23.1,16.5,6.6,30.8,"proj year 4"
2015-05-05,24.87119934,12.21958265,26.3,18.8,7.5,35.06666667,"proj year 4"
2015-05-06,23.86962076,15.28926083,31.6,22.4,9.2,42.13333333,"proj year 4"
2015-05-07,22.53151177,10.49527474,20.5,14.7,5.8,27.33333333,"proj year 4"
2015-05-08,22.09017618,12.20759041,23.3,16.6,6.7,31.06666667,"proj year 4"
2015-05-09,22.13055983,19.83705172,37.9,26.6,11.3,50.53333333,"proj year 4"
2015-05-10,22.83374812,19.31778224,38.1,26.8,11.3,50.8,"proj year 4"
2015-05-11,23.73661112,15.55596524,31.9,22.6,9.3,42.53333333,"proj year 4"
2015-05-12,22.92637411,13.93068663,27.6,19.6,8,36.8,"proj year 4"
2015-05-13,24.68274231,10.75262069,23,16.5,6.5,30.66666667,"proj year 4"
2015-05-14,24.42249213,8.591974496,18.1,13.1,5,24.13333333,"proj year 4"
2015-05-15,24.84523842,10.82823943,23.2,16.6,6.6,30.93333333,"proj year 4"
2015-05-16,23.74590577,10.01153315,20.5,14.7,5.8,27.33333333,"proj year 4"
2015-05-17,22.8013771,8.324594135,16.4,11.8,4.6,21.86666667,"proj year 4"
2015-05-18,23.5052064,7.857107446,16,11.5,4.5,21.33333333,"proj year 4"
2015-05-19,24.43146628,10.39554259,22,15.7,6.3,29.33333333,"proj year 4"
2015-05-20,23.92506815,8.773867627,18.2,13.1,5.1,24.26666667,"proj year 4"
2015-05-21,24.31864847,9.063304583,19.1,13.7,5.4,25.46666667,"proj year 4"
2015-05-22,25.4856077,10.39297286,22.9,16.4,6.5,30.53333333,"proj year 4"
2015-05-23,24.75133041,8.709384872,18.6,13.4,5.2,24.8,"proj year 4"
2015-05-24,24.78562446,8.527070194,18.3,13.2,5.1,24.4,"proj year 4"
2015-05-25,23.37187626,7.428228224,15,10.8,4.2,20,"proj year 4"
2015-05-26,22.64144504,8.282626274,16.2,11.7,4.5,21.6,"proj year 4"
2015-05-27,22.70971263,9.133237777,17.9,12.9,5,23.86666667,"proj year 4"
2015-05-28,23.02284616,10.79368869,21.5,15.4,6.1,28.66666667,"proj year 4"
2015-05-29,23.54430803,11.71815698,24,17.1,6.9,32,"proj year 4"
2015-05-30,22.6267018,10.85186175,21.3,15.2,6.1,28.4,"proj year 4"
2015-05-31,21.06263669,11.04925296,20.1,14.4,5.7,26.8,"proj year 4"
2015-06-01,20.08077723,10.11338564,17.6,12.6,5,23.46666667,"proj year 4"
2015-06-02,20.32708156,9.023716834,15.8,11.4,4.4,21.06666667,"proj year 4"
2015-06-03,19.96911446,7.487843098,17,12,5,22.66666667,"proj year 4"
2015-06-04,19.68881652,NA,17,12,5,22.66666667,"proj year 4"
2015-06-05,18.91118547,NA,17,12,5,22.66666667,"proj year 4"
2015-06-06,18.88863636,NA,17,12,5,22.66666667,"proj year 4"
2015-06-07,19.35621717,NA,17,12,5,22.66666667,"proj year 4"
2015-06-08,19.43357314,11.9683726,20.1,12.3,7.8,26.8,"proj year 4"
2015-06-09,18.65187072,10.26299902,16.6,11.9,4.7,22.13333333,"proj year 4"
2015-06-10,17.71921455,13.94966011,21.3,15.1,6.2,28.4,"proj year 4"
2015-06-11,16.93970441,13.14610573,19.3,13.7,5.6,25.73333333,"proj year 4"
2015-06-12,16.51221089,12.15253138,17.3,12.4,4.9,23.06666667,"proj year 4"
2015-06-13,15.66536661,13.73804215,18.6,13.2,5.4,24.8,"proj year 4"
2015-06-14,15.11886391,10.51830199,13.8,9.9,3.9,18.4,"proj year 4"
2015-06-15,14.94222923,8.578475026,11.1,8,3.1,14.8,"proj year 4"
2015-06-16,15.07501842,8.312147568,10.9,7.8,3.1,14.53333333,"proj year 4"
2015-06-17,14.65222264,6.101347606,7.7,5.6,2.1,10.26666667,"proj year 4"
2015-06-18,14.50659299,4.608457192,5.8,4.2,1.6,7.733333333,"proj year 4"
2015-06-19,14.37975425,4.275575584,5.3,3.9,1.4,7.066666667,"proj year 4"
2015-06-20,13.68824827,3.999162577,4.7,3.5,1.2,6.266666667,"proj year 4"
2015-06-21,13.31556161,4.377101414,5,3.7,1.3,6.666666667,"proj year 4"
2015-06-22,12.9579077,3.902596187,4.4,3.2,1.2,5.866666667,"proj year 4"
2015-06-23,12.65819247,4.467533636,4.9,3.6,1.3,6.533333333,"proj year 4"
2015-06-24,12.96824271,5.182874857,5.8,4.2,1.6,7.733333333,"proj year 4"
2015-06-25,13.16210241,4.567640262,5.2,3.8,1.4,6.933333333,"proj year 4"
2015-06-26,13.71267647,4.847705441,5.7,4.2,1.5,7.6,"proj year 4"
2015-06-27,13.81289473,4.214329649,5,3.7,1.3,6.666666667,"proj year 4"
2015-06-28,13.67572098,4.140475468,4.9,3.6,1.3,6.533333333,"proj year 4"
2015-06-29,13.77343379,3.59415672,4.3,3.2,1.1,5.733333333,"proj year 4"
2015-06-30,13.82009791,4.425856381,5.3,3.9,1.4,7.066666667,"proj year 4"
2015-07-01,13.22172978,4.608480916,5.3,3.9,1.4,7.066666667,"proj year 4"
2015-07-02,13.0200725,4.673704066,5.3,3.9,1.4,7.066666667,"proj year 4"
2015-07-03,12.80086049,4.01223135,4.4,3.3,1.1,5.866666667,"proj year 4"
2015-07-04,12.70931457,3.101393914,3.4,2.5,0.9,4.533333333,"proj year 4"
2015-07-05,12.39762249,3.327237845,3.6,2.6,1,4.8,"proj year 4"
2015-07-06,12.12360748,2.9266928,3.1,2.3,0.8,4.133333333,"proj year 4"
2015-07-07,11.91622793,2.967729384,3.1,2.3,0.8,4.133333333,"proj year 4"
2015-07-08,11.60142204,2.380440025,2.4,1.8,0.6,3.2,"proj year 4"
2015-07-09,11.77890904,2.197052756,2.2,1.7,0.5,2.933333333,"proj year 4"
2015-07-10,11.73469298,2.153881468,2.2,1.6,0.6,2.933333333,"proj year 4"
2015-07-11,11.34453297,1.952689194,1.9,1.4,0.5,2.533333333,"proj year 4"
2015-07-12,10.78871842,1.52518782,1.4,1.1,0.3,1.866666667,"proj year 4"
2015-07-13,11.08764389,4.058659557,4,2.9,1.1,5.333333333,"proj year 4"
2015-07-14,10.25843709,1.25875311,1.1,0.8,0.3,1.466666667,"proj year 4"
2015-07-15,9.744970324,1.29077224,1.1,0.8,0.3,1.466666667,"proj year 4"
2015-07-16,9.575890605,1.030250906,0.9,0.7,0.2,1.2,"proj year 4"
2015-07-17,9.38190043,0.971425923,0.8,0.6,0.2,1.066666667,"proj year 4"
2015-07-18,9.536968017,0.997523246,0.8,0.6,0.2,1.066666667,"proj year 4"
2015-07-19,10.09433947,1.160357489,1,0.8,0.2,1.333333333,"proj year 4"
2015-07-20,10.42627129,1.565046683,1.4,1.1,0.3,1.866666667,"proj year 4"
2015-07-21,9.620106664,1.44115267,1.2,0.9,0.3,1.6,"proj year 4"
2015-07-22,8.799929905,1.105206803,0.8,0.6,0.2,1.066666667,"proj year 4"
2015-07-23,8.827954168,0.812605902,0.6,0.5,0.1,0.8,"proj year 4"
2015-07-24,9.091693619,0.789840522,0.6,0.5,0.1,0.8,"proj year 4"
2015-07-25,10.38330075,1.254484395,1.1,0.9,0.2,1.466666667,"proj year 4"
2015-07-26,9.425493727,0.732660266,0.6,0.5,0.1,0.8,"proj year 4"
2015-07-27,8.992363177,0.551402063,0.4,0.3,0.1,0.533333333,"proj year 4"
2015-07-28,8.758827653,0.479668167,0.4,0.3,0.1,0.533333333,"proj year 4"
2015-07-29,8.832002117,0.614360917,0.5,0.4,0.1,0.666666667,"proj year 4"
2015-07-30,8.895212399,0.599650469,0.5,0.4,0.1,0.666666667,"proj year 4"
2015-07-31,9.06958559,0.803766043,0.6,0.5,0.1,0.8,"proj year 4"
2015-08-01,8.96423636,0.793200371,0.6,0.5,0.1,0.8,"proj year 4"
2015-08-02,8.828136689,0.685286323,0.5,0.4,0.1,0.666666667,"proj year 4"
2015-08-03,8.878282221,0.662564684,0.5,0.4,0.1,0.666666667,"proj year 4"
2015-08-04,8.558486187,0.829588453,0.6,0.5,0.1,0.8,"proj year 4"
2015-08-05,8.069961475,0.678223766,0.5,0.4,0.1,0.666666667,"proj year 4"
2015-08-06,7.96052437,0.494129456,0.3,0.3,0,0.4,"proj year 4"
2015-08-07,7.983547162,0.492636253,0.3,0.3,0,0.4,"proj year 4"
2015-08-08,8.276851217,0.590729953,0.4,0.3,0.1,0.533333333,"proj year 4"
2015-08-09,8.473333397,0.561213119,0.4,0.3,0.1,0.533333333,"proj year 4"
2015-08-10,8.319112232,0.59607201,0.4,0.3,0.1,0.533333333,"proj year 4"
2015-08-11,8.1169532,0.693300054,0.5,0.4,0.1,0.666666667,"proj year 4"
2015-08-12,8.007516095,0.674966665,0.5,0.4,0.1,0.666666667,"proj year 4"
2015-08-13,8.075322947,0.623701696,0.4,0.3,0.1,0.533333333,"proj year 4"
2015-08-14,8.129568428,0.851277051,0.6,0.5,0.1,0.8,"proj year 4"
2015-08-15,8.033377313,0.770371319,0.5,0.4,0.1,0.666666667,"proj year 4"
2015-08-16,7.288763469,0.525168022,0.3,0.3,0,0.4,"proj year 4"
2015-08-17,7.196987684,0.548867713,0.3,0.3,0,0.4,"proj year 4"
2015-08-18,7.312417022,0.618198248,0.4,0.3,0.1,0.533333333,"proj year 4"
2015-08-19,7.458122908,0.704537095,0.5,0.4,0.1,0.666666667,"proj year 4"
2015-08-20,7.397254432,0.974132894,0.6,0.5,0.1,0.8,"proj year 4"
2015-08-21,7.008074642,0.642320248,0.4,0.3,0.1,0.533333333,"proj year 4"
2015-08-22,6.693640079,0.529777615,0.3,0.2,0.1,0.4,"proj year 4"
2015-08-23,6.664940435,0.507807384,0.3,0.2,0.1,0.4,"proj year 4"
2015-08-24,6.616056426,0.515631346,0.3,0.2,0.1,0.4,"proj year 4"
2015-08-25,6.373213283,0.439435673,0.2,0.2,0,0.266666667,"proj year 4"
2015-08-26,6.330321507,0.456846032,0.3,0.2,0.1,0.4,"proj year 4"
2015-08-27,6.364382623,0.447203169,0.2,0.2,0,0.266666667,"proj year 4"
2015-08-28,7.6069826,1.526163606,1,0.8,0.2,1.333333333,"proj year 4"
2015-08-29,15.37070941,97.76593365,296,169.1,126.9,394.6666667,"proj year 4"
2015-08-30,33.17142715,1350.113998,4239.1,2505.8,1733.3,5652.133333,"proj year 4"
2015-08-31,25.21468735,71.47047872,157.9,107.4,50.5,210.5333333,"proj year 4"
2015-09-01,29.59866644,134.0009953,352.2,235,117.2,469.6,"proj year 4"
2015-09-02,24.62886241,32.04461893,68.4,47.5,20.9,91.2,"proj year 4"
2015-09-03,23.22009327,16.63603902,33.6,23.7,9.9,44.8,"proj year 4"
2015-09-04,21.02004949,10.8049878,19.7,14.1,5.6,26.26666667,"proj year 4"
2015-09-05,18.66986478,7.466083513,12.2,8.8,3.4,16.26666667,"proj year 4"
2015-09-06,21.08809208,11.46802655,21.5,15.4,6.1,28.66666667,"proj year 4"
2015-09-07,20.63894709,9.446807303,17,12.2,4.8,22.66666667,"proj year 4"
2015-09-08,16.25718924,6.551646326,9.2,6.7,2.5,12.26666667,"proj year 4"
2015-09-09,13.07050561,5.400996143,6.2,4.5,1.7,8.266666667,"proj year 4"
2015-09-10,11.04460982,4.153100304,4,2.9,1.1,5.333333333,"proj year 4"
2015-09-11,10.71495114,3.808950117,3.5,2.6,0.9,4.666666667,"proj year 4"
2015-09-12,10.48782305,3.490778524,3.2,2.3,0.9,4.266666667,"proj year 4"
2015-09-13,9.974788306,3.177287449,2.7,2,0.7,3.6,"proj year 4"
2015-09-14,8.924440701,3.122246309,2.4,1.8,0.6,3.2,"proj year 4"
2015-09-15,8.429295085,2.568889765,2,2,0,2.666666667,"proj year 4"
2015-09-16,8.39383627,2.196754503,2,2,0,2.666666667,"proj year 4"
2015-09-17,8.932107472,1.989670289,1.5,1.1,0.4,2,"proj year 4"
2015-09-18,9.309376487,1.916686591,2,1,1,2.666666667,"proj year 4"
2015-09-19,10.56001848,2.381415796,2,1,1,2.666666667,"proj year 4"
2015-09-20,16.99531425,38.45670306,89.4,58.1,31.3,119.2,"proj year 4"
2015-09-21,22.40581832,164.3264635,358.3,234.3,124,477.7333333,"proj year 4"
2015-09-22,13.30568079,11.15872936,12.8,7.8,5,17.06666667,"proj year 4"
2015-09-23,10.97114907,4.079373514,3.9,2.4,1.5,5.2,"proj year 4"
2015-09-24,10.25590324,2.641082074,2.3,1.4,0.9,3.066666667,"proj year 4"
2015-09-25,12.38822388,3.709105268,4,2.4,1.6,5.333333333,"proj year 4"
2015-09-26,10.91939836,2.031700827,1.9,1.2,0.7,2.533333333,"proj year 4"
2015-09-27,9.565254964,1.322691416,1.1,0.7,0.4,1.466666667,"proj year 4"
2015-09-28,9.072984386,1.064733355,0.8,0.5,0.3,1.066666667,"proj year 4"
2015-09-29,8.759924577,0.677746916,0.5,0.3,0.2,0.666666667,"proj year 4"
2015-09-30,8.530879799,0.634262039,0.5,0.3,0.2,0.666666667,"proj year 4"
2015-10-01,8.230661011,0.472183387,0.3,0.2,0.1,0.3,"proj year 5"
2015-10-02,8.063214417,0.422504789,0.3,0.2,0.1,0.3,"proj year 5"
2015-10-03,7.931757511,0.366708596,0.3,0.2,0.1,0.3,"proj year 5"
2015-10-04,7.631104873,0.305638296,0.2,0.1,0.1,0.2,"proj year 5"
2015-10-05,7.508453692,0.252353193,0.2,0.1,0.1,0.2,"proj year 5"
2015-10-06,7.422283376,0.227466085,0.1,0.1,0,0.1,"proj year 5"
2015-10-07,9.716174945,2.232723706,1.9,1.1,0.8,1.9,"proj year 5"
2015-10-08,12.74125625,6.683418527,7.4,4.5,2.9,7.4,"proj year 5"
2015-10-09,9.651075473,1.518474713,1.3,0.8,0.5,1.3,"proj year 5"
2015-10-10,24.27361214,176.7004097,370.6,226.1,144.5,370.6,"proj year 5"
2015-10-11,39.59337359,1454.798108,6974.9,4262.7,2712.2,6974.9,"proj year 5"
2015-10-12,24.63684833,53.11715977,114.3,78.2,36.1,114.3,"proj year 5"
2015-10-13,23.74684104,34.84470613,72.6,50.3,22.3,72.6,"proj year 5"
2015-10-14,20.92492041,14.79344196,26.9,19.1,7.8,26.9,"proj year 5"
2015-10-15,19.059679,9.116707922,15.1,10.8,4.3,15.1,"proj year 5"
2015-10-16,16.93749908,7.468284398,10.9,7.9,3,10.9,"proj year 5"
2015-10-17,15.28831243,6.297708834,8.3,6.1,2.2,8.3,"proj year 5"
2015-10-18,13.51804706,4.79133276,5.6,4.1,1.5,5.6,"proj year 5"
2015-10-19,11.69306039,5.254909811,5.3,3.9,1.4,5.3,"proj year 5"
2015-10-20,10.4017636,13.14360653,12,8.4,3.6,12,"proj year 5"
2015-10-21,9.653591394,3.520656508,2.9,2.2,0.7,2.9,"proj year 5"
2015-10-22,9.386274718,2.593714703,2.1,1.6,0.5,2.1,"proj year 5"
2015-10-23,8.957939056,1.829523934,1.4,1.1,0.3,1.4,"proj year 5"
2015-10-24,8.630240261,1.530795594,1.1,0.9,0.2,1.1,"proj year 5"
2015-10-25,8.730562637,1.444015528,1.1,0.8,0.3,1.1,"proj year 5"
2015-10-26,11.10150431,4.031081024,4.1,3,1.1,4.1,"proj year 5"
2015-10-27,9.836624695,2.832444796,2.5,1.8,0.7,2.5,"proj year 5"
2015-10-28,9.279977028,1.700109292,1.4,1.1,0.3,1.4,"proj year 5"
2015-10-29,13.51647461,7.634732573,9.1,6.5,2.6,9.1,"proj year 5"
2015-10-30,32.9359304,496.3329456,2459.9,1454.5,1005.4,2459.9,"proj year 5"
2015-10-31,136.9793546,4805.905643,93138.4,57636.5,35501.9,93138.4,"proj year 5"
2015-11-01,62.62690807,1430.979045,7854.8,4656.1,3198.7,7854.8,"proj year 5"
2015-11-02,51.34265614,732.0772066,3297.1,1922.9,1374.2,3297.1,"proj year 5"
2015-11-03,38.63457694,382.9907956,1282.5,738.1,544.4,1282.5,"proj year 5"
2015-11-04,33.29176525,352.7479162,1017.4,625.7,391.7,1017.4,"proj year 5"
2015-11-05,30.731878,283.8530334,754.7,486.8,267.9,754.7,"proj year 5"
2015-11-06,29.09060154,235.1235773,591.1,389.6,201.5,591.1,"proj year 5"
2015-11-07,51.9689244,832.3063647,4371.3,2580.2,1791.1,4371.3,"proj year 5"
2015-11-08,54.43619451,501.6722825,2514.7,1456.9,1057.8,2514.7,"proj year 5"
2015-11-09,40.78304248,368.8933525,1306,770,536,1306,"proj year 5"
2015-11-10,36.37900314,246.5115547,775.2,508.7,266.5,775.2,"proj year 5"
2015-11-11,38.4109097,264.6566711,883.5,567.2,316.3,883.5,"proj year 5"
2015-11-12,38.35105509,354.7955696,1387.6,851.5,536.1,1387.6,"proj year 5"
2015-11-13,399.501183,7164.687608,283434.6,175084,108350.6,283434.6,"proj year 5"
2015-11-14,165.2396823,3006.001265,44989.9,27154.4,17835.5,44989.9,"proj year 5"
2015-11-15,106.6168152,1596.842845,14945.8,8878.6,6067.2,14945.8,"proj year 5"
2015-11-16,82.34104468,1077.731362,7680.2,4516.5,3163.7,7680.2,"proj year 5"
2015-11-17,345.8115961,9938.174157,429806.7,269484.4,160322.3,429806.7,"proj year 5"
2015-11-18,160.1992939,7348.736602,114336.6,70668.3,43668.3,114336.6,"proj year 5"
2015-11-19,79.07424296,3199.429121,22126.6,13359.4,8767.2,22126.6,"proj year 5"
2015-11-20,66.94265818,2010.860641,11675.9,6973.1,4702.8,11675.9,"proj year 5"
2015-11-21,62.69928121,1389.01307,7534.3,4457.7,3076.6,7534.3,"proj year 5"
2015-11-22,56.64136442,1216.181773,5959.8,3514.9,2444.9,5959.8,"proj year 5"
2015-11-23,51.88449789,1042.095456,4669.5,2743.6,1925.9,4669.5,"proj year 5"
2015-11-24,48.7594571,799.7895946,3372,1968.9,1403.1,3372,"proj year 5"
2015-11-25,44.57593474,685.833812,2642.1,1537.1,1105,2642.1,"proj year 5"
2015-11-26,42.55662914,596.5339016,2192.7,1271.5,921.2,2192.7,"proj year 5"
2015-11-27,40.87124928,637.5719086,2250.3,1307.1,943.2,2250.3,"proj year 5"
2015-11-28,39.62060291,562.0048362,1924.5,1114.3,810.2,1924.5,"proj year 5"
2015-11-29,38.67553009,460.8939258,1539.7,887.4,652.3,1539.7,"proj year 5"
2015-11-30,37.77456067,433.3417739,1414.4,814,600.4,1414.4,"proj year 5"
2015-12-01,39.09634072,399.7197128,1349.8,775.3,574.5,1349.8,"proj year 5"
2015-12-02,44.94589169,484.4968279,1894.8,1094,800.8,1894.8,"proj year 5"
2015-12-03,128.383406,3129.735821,43567.6,26466,17101.6,43567.6,"proj year 5"
2015-12-04,94.50986814,2440.795522,21007.6,12621.6,8386,21007.6,"proj year 5"
2015-12-05,77.48697727,2012.794391,13748,8211.2,5536.8,13748,"proj year 5"
2015-12-06,128.9066373,2305.08061,25764.7,15429.3,10335.4,25764.7,"proj year 5"
2015-12-07,150.9408489,2339.743433,30817.7,18466.2,12351.5,30817.7,"proj year 5"
2015-12-08,245.4084685,4925.51893,133587.1,82145.9,51441.2,133587.1,"proj year 5"
2015-12-09,331.9203728,5419.596474,160818.2,98377.4,62440.8,160818.2,"proj year 5"
2015-12-10,179.721819,2780.171618,43495.8,26170.4,17325.4,43495.8,"proj year 5"
2015-12-11,132.7090012,2422.232478,28182.7,16912.5,11270.2,28182.7,"proj year 5"
2015-12-12,100.8341418,1395.088238,12180.2,7208.6,4971.6,12180.2,"proj year 5"
2015-12-13,109.7843216,1108.696807,10517.8,6188.9,4328.9,10517.8,"proj year 5"
2015-12-14,91.05199187,801.6852667,6345.9,3706.4,2639.5,6345.9,"proj year 5"
2015-12-15,74.79607356,629.4251444,4072.3,2364.2,1708.1,4072.3,"proj year 5"
2015-12-16,65.12441964,541.1347639,3048.8,1763.7,1285.1,3048.8,"proj year 5"
2015-12-17,61.07506454,482.1351761,2545.1,1468.3,1076.8,2545.1,"proj year 5"
2015-12-18,83.40826539,707.864038,5170.8,3012.2,2158.6,5170.8,"proj year 5"
2015-12-19,68.22155882,479.770306,2837.1,1636.6,1200.5,2837.1,"proj year 5"
2015-12-20,66.75586126,431.5431682,2488.6,1431.8,1056.8,2488.6,"proj year 5"
2015-12-21,65.82314464,392.4288762,2233.6,1282.2,951.4,2233.6,"proj year 5"
2015-12-22,60.06110082,321.7764712,1674.4,958.3,716.1,1674.4,"proj year 5"
2015-12-23,57.06795793,335.9935393,1657.7,952.7,705,1657.7,"proj year 5"
2015-12-24,56.22298816,346.9604061,1686.9,1017.5,669.4,1686.9,"proj year 5"
2015-12-25,48.15352691,283.562745,1182.7,772.5,410.2,1182.7,"proj year 5"
2015-12-26,43.987176,219.5314586,836,552.1,283.9,836,"proj year 5"
2015-12-27,42.16074135,193.6792617,705.6,467.6,238,705.6,"proj year 5"
2015-12-28,40.68204427,164.118184,577.2,384.2,193,577.2,"proj year 5"
2015-12-29,38.99210474,158.3063733,533.1,355.2,177.9,533.1,"proj year 5"
2015-12-30,37.43541044,157.3949262,509.2,338.2,171,509.2,"proj year 5"
2015-12-31,36.12245742,166.8417169,520.4,346.2,174.2,520.4,"proj year 5"
2016-01-01,36.00261105,248.1655051,771.4,502.7,268.7,771.4,"proj year 5"
2016-01-02,35.21024069,285.1355087,868.1,566,302.1,868.1,"proj year 5"
2016-01-03,34.30057894,184.9148431,547.9,363.5,184.4,547.9,"proj year 5"
2016-01-04,33.43090232,163.2310081,471.6,314,157.6,471.6,"proj year 5"
2016-01-05,32.93108818,143.4997142,408.3,272.7,135.6,408.3,"proj year 5"
2016-01-06,33.04771148,125.3648957,358,239.9,118.1,358,"proj year 5"
2016-01-07,32.3206485,101.9024628,284.6,191.9,92.7,284.6,"proj year 5"
2016-01-08,31.50895032,82.94939453,225.9,153.2,72.7,225.9,"proj year 5"
2016-01-09,30.91350506,65.14343619,174.1,118.8,55.3,174.1,"proj year 5"
2016-01-10,30.27107728,44.83947163,117.3,80.9,36.4,117.3,"proj year 5"
2016-01-11,30.39836328,46.72500802,123.9,85.2,38.7,123.9,"proj year 5"
2016-01-12,37.14618749,126.3583761,428.4,279.2,149.2,428.4,"proj year 5"
2016-01-13,69.23092371,433.3967074,2583.6,1517.2,1066.4,2583.6,"proj year 5"
2016-01-14,49.74150403,273.3572085,1190.3,779.9,410.4,1190.3,"proj year 5"
2016-01-15,42.04436614,215.5196655,779.8,515.2,264.6,779.8,"proj year 5"
2016-01-16,44.08360787,284.527069,1100,720.1,379.9,1100,"proj year 5"
2016-01-17,60.79739298,298.0321404,1585.5,1024.7,560.8,1585.5,"proj year 5"
2016-01-18,64.56932375,277.2431791,1563.4,1021.1,542.3,1563.4,"proj year 5"
2016-01-19,56.39902848,182.4540028,893.8,593.2,300.6,893.8,"proj year 5"
2016-01-20,49.15838752,134.8193319,573.7,383.9,189.8,573.7,"proj year 5"
2016-01-21,132.1408645,1528.745496,27550.6,16614.7,10935.9,27550.6,"proj year 5"
2016-01-22,263.2187909,2444.730591,57667.9,34627.8,23040.1,57667.9,"proj year 5"
2016-01-23,123.9139236,1273.382737,13998.7,8271.1,5727.6,13998.7,"proj year 5"
2016-01-24,85.41157373,752.8938655,5608.5,3271.5,2337,5608.5,"proj year 5"
2016-01-25,72.74628322,457.5042179,2889.8,1665.3,1224.5,2889.8,"proj year 5"
2016-01-26,75.42195496,452.4792171,3008.7,1734.3,1274.4,3008.7,"proj year 5"
2016-01-27,88.65370151,524.7553289,4124.2,2388.3,1735.9,4124.2,"proj year 5"
2016-01-28,311.620793,2950.241624,86225.5,52077.9,34147.6,86225.5,"proj year 5"
2016-01-29,167.6110085,1394.711062,20731.1,12277.7,8453.4,20731.1,"proj year 5"
2016-01-30,123.8472817,782.5989307,8457.9,4938.6,3519.3,8457.9,"proj year 5"
2016-01-31,105.8673008,495.6828392,4555.4,2630.2,1925.2,4555.4,"proj year 5"
2016-02-01,91.61393269,374.8474582,2976.7,1707.1,1269.6,2976.7,"proj year 5"
2016-02-02,82.47809833,322.8726731,2301.2,1338.4,962.8,2301.2,"proj year 5"
2016-02-03,79.03506011,330.8989042,2259.9,1423.7,836.2,2259.9,"proj year 5"
2016-02-04,80.38804287,312.896142,2175,1387.5,787.5,2175,"proj year 5"
2016-02-05,80.55632431,283.5059442,1981.5,1259.8,721.7,1981.5,"proj year 5"
2016-02-06,91.51481155,294.8454502,2344.6,1475.6,869,2344.6,"proj year 5"
2016-02-07,79.61058263,207.0273343,1426.3,943.5,482.8,1426.3,"proj year 5"
2016-02-08,75.23189962,192.7442622,1252.6,830.3,422.3,1252.6,"proj year 5"
2016-02-09,76.74643256,184.2593653,1222,810.9,411.1,1222,"proj year 5"
2016-02-10,79.28075101,181.4984209,1243.4,825.5,417.9,1243.4,"proj year 5"
2016-02-11,79.60048574,186.1684464,1282.4,850.6,431.8,1282.4,"proj year 5"
2016-02-12,124.6696204,604.2615959,6789.2,3969.5,2819.7,6789.2,"proj year 5"
2016-02-13,110.9445864,408.1850386,3950,2274,1676,3950,"proj year 5"
2016-02-14,102.5742676,330.3514975,2926.6,1779.5,1147.1,2926.6,"proj year 5"
2016-02-15,163.2195322,844.765173,12866.3,7559.7,5306.6,12866.3,"proj year 5"
2016-02-16,198.1110056,1033.587756,18499.3,10888.8,7610.5,18499.3,"proj year 5"
2016-02-17,131.3301997,494.3457422,5650.8,3262.9,2387.9,5650.8,"proj year 5"
2016-02-18,113.9972116,348.6503081,3461.9,1985.7,1476.2,3461.9,"proj year 5"
2016-02-19,100.7803875,337.0336967,2931.2,1815.2,1116,2931.2,"proj year 5"
2016-02-20,94.43281168,292.8210553,2400.4,1551.6,848.8,2400.4,"proj year 5"
2016-02-21,84.36285044,209.1621093,1527.2,1010,517.2,1527.2,"proj year 5"
2016-02-22,80.66402443,143.8205304,1003.6,670.3,333.3,1003.6,"proj year 5"
2016-02-23,76.12715687,117.0025357,770,517.2,252.8,770,"proj year 5"
2016-02-24,70.30125349,92.78946435,565.3,382,183.3,565.3,"proj year 5"
2016-02-25,65.63985766,73.20227764,415.1,282.4,132.7,415.1,"proj year 5"
2016-02-26,63.60028663,58.15994497,319.7,218.8,100.9,319.7,"proj year 5"
2016-02-27,61.96459105,54.55797349,292.2,200.3,91.9,292.2,"proj year 5"
2016-02-28,62.52328543,60.85308193,330.2,225.6,104.6,330.2,"proj year 5"
2016-02-29,62.21701321,47.5532933,256.5,176.4,80.1,256.5,"proj year 5"
2016-03-01,76.01284097,160.7660265,1262.4,769,493.4,1262.4,"proj year 5"
2016-03-02,92.70062536,200.6450521,1644.5,1087.2,557.3,1644.5,"proj year 5"
2016-03-03,99.66751291,212.437737,1834.9,1212.8,622.1,1834.9,"proj year 5"
2016-03-04,95.95561925,164.7715321,1370.1,911.8,458.3,1370.1,"proj year 5"
2016-03-05,116.9896833,277.5338777,2830.1,1749.6,1080.5,2830.1,"proj year 5"
2016-03-06,113.1643985,259.8445163,2545.8,1671.2,874.6,2545.8,"proj year 5"
2016-03-07,101.4317463,179.4331053,1583.1,1050.9,532.2,1583.1,"proj year 5"
2016-03-08,87.42126538,115.9894908,879.9,591,288.9,879.9,"proj year 5"
2016-03-09,80.63113467,120.0730805,858.3,565.3,293,858.3,"proj year 5"
2016-03-10,160.3351297,704.3394824,9757.2,5951.9,3805.3,9757.2,"proj year 5"
2016-03-11,113.4845618,NA,5000,3000,2000,5000,"proj year 5"
2016-03-12,97.41636446,NA,2000,1000,1000,2000,"proj year 5"
2016-03-13,89.76912983,NA,1000,600,400,1000,"proj year 5"
2016-03-14,88.0182366,153.4871946,500,300,200,500,"proj year 5"
2016-03-15,78.62344376,93.73287118,500,300,200,500,"proj year 5"
2016-03-16,71.52648986,72.21153073,447.4,304.4,143,447.4,"proj year 5"
2016-03-17,66.2104445,52.40803226,300.3,206.1,94.2,300.3,"proj year 5"
2016-03-18,62.32846407,41.31141293,222.6,153.8,68.8,222.6,"proj year 5"
2016-03-19,59.96725948,33.88357854,175.6,122,53.6,175.6,"proj year 5"
2016-03-20,60.70763719,32.2785049,169.5,117.9,51.6,169.5,"proj year 5"
2016-03-21,68.9184927,55.65244007,331.7,227.2,104.5,331.7,"proj year 5"
2016-03-22,66.90413172,41.29326097,239.1,165.1,74,239.1,"proj year 5"
2016-03-23,63.7425188,31.00583821,170.9,119,51.9,170.9,"proj year 5"
2016-03-24,65.95031179,36.10973808,206.4,143,63.4,206.4,"proj year 5"
2016-03-25,62.37848959,24.495078,132.1,92.5,39.6,132.1,"proj year 5"
2016-03-26,59.78383257,22.08951016,114.2,80.2,34,114.2,"proj year 5"
2016-03-27,59.66043629,22.54184892,116.2,81.6,34.6,116.2,"proj year 5"
2016-03-28,57.21919086,20.3686371,100.9,71,29.9,100.9,"proj year 5"
2016-03-29,55.11478395,20.60549704,98.1,69,29.1,98.1,"proj year 5"
2016-03-30,54.0442378,17.30752221,80.8,57.1,23.7,80.8,"proj year 5"
2016-03-31,55.04474822,14.10158548,67.1,47.7,19.4,67.1,"proj year 5"
2016-04-01,58.20415106,16.52304112,83.2,58.9,24.3,83.2,"proj year 5"
2016-04-02,61.93652046,20.22586945,108.3,76.2,32.1,108.3,"proj year 5"
2016-04-03,61.47975654,18.62098931,98.9,69.8,29.1,98.9,"proj year 5"
2016-04-04,70.43499657,41.42062987,254.9,175.8,79.1,254.9,"proj year 5"
2016-04-05,65.09385937,23.63228816,133.6,93.6,40,133.6,"proj year 5"
2016-04-06,60.21948821,15.45409187,80.5,57.1,23.4,80.5,"proj year 5"
2016-04-07,59.95943284,13.37426731,69.4,49.4,20,69.4,"proj year 5"
2016-04-08,69.41144531,28.03427392,168.9,117.8,51.1,168.9,"proj year 5"
2016-04-09,74.78925698,41.03053266,266.2,183.8,82.4,266.2,"proj year 5"
2016-04-10,70.08158799,26.95831547,163.6,114.3,49.3,163.6,"proj year 5"
2016-04-11,66.51749581,19.9685844,114.9,80.9,34,114.9,"proj year 5"
2016-04-12,65.05385085,19.24008297,108.6,76.5,32.1,108.6,"proj year 5"
2016-04-13,62.68334614,16.14936802,87.9,62.2,25.7,87.9,"proj year 5"
2016-04-14,58.94254967,12.46041147,63.5,45.3,18.2,63.5,"proj year 5"
2016-04-15,56.035264,11.7388418,56.8,40.6,16.2,56.8,"proj year 5"
2016-04-16,53.99816361,11.99805822,56,40,16,56,"proj year 5"
2016-04-17,53.72810611,10.81240749,50.2,35.9,14.3,50.2,"proj year 5"
2016-04-18,57.65227495,12.22627155,61.1,43.6,17.5,61.1,"proj year 5"
2016-04-19,67.55438325,23.3679494,137.2,96.1,41.1,137.2,"proj year 5"
2016-04-20,78.52338536,45.86087682,311.9,214.8,97.1,311.9,"proj year 5"
2016-04-21,87.06853808,75.10450951,566.8,385.2,181.6,566.8,"proj year 5"
2016-04-22,81.41066677,50.17702915,354.2,243.3,110.9,354.2,"proj year 5"
2016-04-23,74.0724377,33.62549458,216,150,66,216,"proj year 5"
2016-04-24,70.44833274,25.84520045,157.6,110.2,47.4,157.6,"proj year 5"
2016-04-25,64.26368261,17.93394154,99.8,70.5,29.3,99.8,"proj year 5"
2016-04-26,60.14613926,13.79629643,71.8,51,20.8,71.8,"proj year 5"
2016-04-27,57.64227282,11.38774256,56.8,40.6,16.2,56.8,"proj year 5"
2016-04-28,55.55182774,10.28915307,49.4,35.4,14,49.4,"proj year 5"
2016-04-29,54.37824453,8.949673853,42.1,30.3,11.8,42.1,"proj year 5"
2016-04-30,53.46138265,7.817803232,36.1,26.1,10,36.1,"proj year 5"
2016-05-01,51.51443795,7.599774986,33.8,24.5,9.3,33.8,"proj year 5"
2016-05-02,53.55961496,8.688714153,40.3,29,11.3,40.3,"proj year 5"
2016-05-03,60.30304324,15.24268448,79.4,56.4,23,79.4,"proj year 5"
2016-05-04,62.64593586,16.67166046,90.5,64,26.5,90.5,"proj year 5"
2016-05-05,59.25819646,11.9159598,61.1,43.6,17.5,61.1,"proj year 5"
2016-05-06,58.2454002,10.44468517,52.6,37.7,14.9,52.6,"proj year 5"
2016-05-07,59.62357233,11.40479208,58.8,42,16.8,58.8,"proj year 5"
2016-05-08,63.89911098,18.31019924,101.4,71.6,29.8,101.4,"proj year 5"
2016-05-09,59.52101068,12.15609413,62.7,44.8,17.9,62.7,"proj year 5"
2016-05-10,56.13327129,9.010280306,43.7,31.5,12.2,43.7,"proj year 5"
2016-05-11,55.22944678,8.067057676,38.5,27.8,10.7,38.5,"proj year 5"
2016-05-12,56.30634407,8.44093612,41.1,29.6,11.5,41.1,"proj year 5"
2016-05-13,56.67171993,8.001709405,39.2,28.3,10.9,39.2,"proj year 5"
2016-05-14,58.48898411,9.599839378,48.6,34.9,13.7,48.6,"proj year 5"
2016-05-15,60.64277869,11.46797208,60.2,43,17.2,60.2,"proj year 5"
2016-05-16,59.07871358,9.222202473,47.1,33.9,13.2,47.1,"proj year 5"
2016-05-17,58.8928206,9.64897511,49.2,35.3,13.9,49.2,"proj year 5"
2016-05-18,57.96656072,8.70649327,43.6,31.4,12.2,43.6,"proj year 5"
2016-05-19,57.00825034,8.160279878,40.2,29,11.2,40.2,"proj year 5"
2016-05-20,53.46025837,6.6399742,30.7,22.3,8.4,30.7,"proj year 5"
2016-05-21,50.95070308,6.386957261,28.1,20.4,7.7,28.1,"proj year 5"
2016-05-22,50.02123815,7.649437144,33,23.8,9.2,33,"proj year 5"
2016-05-23,49.51804507,15.04645145,64.3,45.6,18.7,64.3,"proj year 5"
2016-05-24,48.74242262,13.80637669,58.1,41.3,16.8,58.1,"proj year 5"
2016-05-25,48.27448511,10.73889769,44.8,32.1,12.7,44.8,"proj year 5"
2016-05-26,49.85457548,25.18502806,108.3,75.5,32.8,108.3,"proj year 5"
2016-05-27,48.70075695,17.09126068,71.9,50.8,21.1,71.9,"proj year 5"
2016-05-28,48.29051036,15.57998425,65.3,46.3,19,65.3,"proj year 5"
2016-05-29,51.67183965,39.88136955,178.8,123.4,55.4,178.8,"proj year 5"
2016-05-30,49.5693259,27.2166149,117,81.6,35.4,117,"proj year 5"
2016-05-31,48.56614479,34.8975374,146.6,101.5,45.1,146.6,"proj year 5"
2016-06-01,50.61772033,65.57707268,286.7,195.5,91.2,286.7,"proj year 5"
2016-06-02,56.34145247,26.36576983,127.9,89.4,38.5,127.9,"proj year 5"
2016-06-03,53.03738174,23.67111433,108,75.7,32.3,108,"proj year 5"
2016-06-04,54.69411483,18.85493801,89,62.8,26.2,89,"proj year 5"
2016-06-05,60.21864636,23.46779793,122.8,86,36.8,122.8,"proj year 5"
2016-06-06,62.64580732,31.61351884,174.1,120.9,53.2,174.1,"proj year 5"
2016-06-07,57.95434007,16.63969988,83.8,59.3,24.5,83.8,"proj year 5"
2016-06-08,55.84036117,12.13466128,58.8,42,16.8,58.8,"proj year 5"
2016-06-09,51.83163081,11.21680686,49.8,35.6,14.2,49.8,"proj year 5"
2016-06-10,48.47431914,16.65975318,69.6,49.2,20.4,69.6,"proj year 5"
2016-06-11,46.1567719,19.91565956,79.2,55.8,23.4,79.2,"proj year 5"
2016-06-12,43.59494265,23.76967748,89.3,62.6,26.7,89.3,"proj year 5"
2016-06-13,43.06879679,26.70018531,99.3,69.4,29.9,99.3,"proj year 5"
2016-06-14,42.80885568,27.93992833,103.2,72,31.2,103.2,"proj year 5"
2016-06-15,40.79196322,35.46656852,124.2,85.9,38.3,124.2,"proj year 5"
2016-06-16,38.59655699,41.55462602,138.8,95.7,43.1,138.8,"proj year 5"
2016-06-17,37.16218316,40.41680136,130.1,89.8,40.3,130.1,"proj year 5"
2016-06-18,37.05256943,34.46082157,110.6,76.5,34.1,110.6,"proj year 5"
2016-06-19,36.62037819,15.06470762,47.7,33.8,13.9,47.7,"proj year 5"
2016-06-20,35.79044574,19.30034635,59.8,42.1,17.7,59.8,"proj year 5"
2016-06-21,37.6100335,51.11728536,169.7,111.4,58.3,169.7,"proj year 5"
2016-06-22,37.09015128,16.51513086,53,37.5,15.5,53,"proj year 5"
2016-06-23,37.8073382,14.52070941,47.6,33.8,13.8,47.6,"proj year 5"
2016-06-24,39.82423066,14.49049696,50.1,35.6,14.5,50.1,"proj year 5"
2016-06-25,36.0441232,10.25430986,31.9,22.9,9,31.9,"proj year 5"
2016-06-26,35.28935444,9.685146426,29.5,21.2,8.3,29.5,"proj year 5"
2016-06-27,36.19445059,10.02786681,31.4,22.5,8.9,31.4,"proj year 5"
2016-06-28,37.84492004,11.11261674,36.3,26,10.3,36.3,"proj year 5"
2016-06-29,37.59750622,10.34273069,33.5,24,9.5,33.5,"proj year 5"
2016-06-30,36.63290548,9.150200058,28.9,20.8,8.1,28.9,"proj year 5"
2016-07-01,34.20110097,6.489400298,19.2,13.9,5.3,19.2,"proj year 5"
2016-07-02,33.20875144,6.755340094,19.4,14.1,5.3,19.4,"proj year 5"
2016-07-03,33.28659661,6.24494322,18,13.1,4.9,18,"proj year 5"
2016-07-04,31.48681618,5.05813374,13.8,10.1,3.7,13.8,"proj year 5"
2016-07-05,29.84926509,3.83059548,9.9,7.3,2.6,9.9,"proj year 5"
2016-07-06,28.47358516,3.281733649,8.1,6,2.1,8.1,"proj year 5"
2016-07-07,28.04917327,2.729236873,6.6,4.9,1.7,6.6,"proj year 5"
2016-07-08,29.84957647,3.659670592,9.5,7,2.5,9.5,"proj year 5"
2016-07-09,29.41769144,2.872814006,7.3,5.4,1.9,7.3,"proj year 5"
2016-07-10,28.08498205,2.188978892,5.3,4,1.3,5.3,"proj year 5"
2016-07-11,26.41006528,1.986422901,4.5,3.4,1.1,4.5,"proj year 5"
2016-07-12,26.00527037,1.748388705,3.9,3,0.9,3.9,"proj year 5"
2016-07-13,25.36569442,1.623645405,3.6,2.7,0.9,3.6,"proj year 5"
2016-07-14,24.55049975,1.472822376,3.1,2.4,0.7,3.1,"proj year 5"
2016-07-15,24.13324962,1.386419131,2.9,2.2,0.7,2.9,"proj year 5"
2016-07-16,23.72347262,1.295036083,2.7,2,0.7,2.7,"proj year 5"
2016-07-17,23.91590589,1.51682284,3.1,2.4,0.7,3.1,"proj year 5"
2016-07-18,23.5624888,1.307681662,2.7,2,0.7,2.7,"proj year 5"
2016-07-19,23.02442295,1.24695906,2.5,1.9,0.6,2.5,"proj year 5"
2016-07-20,22.03392095,1.239969741,2.4,1.8,0.6,2.4,"proj year 5"
2016-07-21,21.39278809,1.047323889,1.9,1.5,0.4,1.9,"proj year 5"
2016-07-22,22.49756681,9.388266858,18.6,13.1,5.5,18.6,"proj year 5"
2016-07-23,21.36600935,2.088227753,3.9,2.9,1,3.9,"proj year 5"
2016-07-24,20.39387881,1.344652569,2.4,1.8,0.6,2.4,"proj year 5"
2016-07-25,20.47608332,1.244987637,2.2,1.7,0.5,2.2,"proj year 5"
2016-07-26,20.8958245,1.704060622,3.1,2.3,0.8,3.1,"proj year 5"
2016-07-27,20.11145652,1.211251791,2.1,1.6,0.5,2.1,"proj year 5"
2016-07-28,19.50550968,1.023144783,1.7,1.3,0.4,1.7,"proj year 5"
2016-07-29,19.18042823,1.023347402,1.7,1.3,0.4,1.7,"proj year 5"
2016-07-30,18.84725089,1.161664548,1.9,1.4,0.5,1.9,"proj year 5"
2016-07-31,17.74465184,1.658367711,2.5,1.9,0.6,2.5,"proj year 5"
2016-08-01,17.16281333,3.397320026,5,3.7,1.3,5,"proj year 5"
2016-08-02,16.78550725,6.540184536,9.5,6.9,2.6,9.5,"proj year 5"
2016-08-03,16.28121351,6.770202648,9.5,6.9,2.6,9.5,"proj year 5"
2016-08-04,16.17051488,6.332101261,8.8,6.4,2.4,8.8,"proj year 5"
2016-08-05,15.87626468,5.126855404,7,5.1,1.9,7,"proj year 5"
2016-08-06,15.34579434,5.044161064,6.7,4.9,1.8,6.7,"proj year 5"
2016-08-07,15.18242713,7.09999199,9.4,6.8,2.6,9.4,"proj year 5"
2016-08-08,15.39247068,9.889326899,13.2,9.5,3.7,13.2,"proj year 5"
2016-08-09,14.59140369,7.970073443,10.1,7.2,2.9,10.1,"proj year 5"
2016-08-10,14.44285938,11.9193828,14.9,10.6,4.3,14.9,"proj year 5"
2016-08-11,14.40501369,5.768502469,7.2,5.2,2,7.2,"proj year 5"
2016-08-12,14.35108359,7.485855001,9.3,6.7,2.6,9.3,"proj year 5"
2016-08-13,14.53841973,4.270451579,5.4,3.9,1.5,5.4,"proj year 5"
2016-08-14,14.57721156,2.91246559,3.7,2.7,1,3.7,"proj year 5"
2016-08-15,14.131894,1.983924839,2.4,1.8,0.6,2.4,"proj year 5"
2016-08-16,14.07071015,1.660833875,2,1.5,0.5,2,"proj year 5"
2016-08-17,13.98902654,1.704203271,2.1,1.6,0.5,2.1,"proj year 5"
2016-08-18,13.73230665,1.342840337,1.6,1.2,0.4,1.6,"proj year 5"
2016-08-19,13.71590685,1.710527181,2,1.5,0.5,2,"proj year 5"
2016-08-20,13.4226028,1.526947278,1.8,1.3,0.5,1.8,"proj year 5"
2016-08-21,13.25702793,1.530429289,1.8,1.3,0.5,1.8,"proj year 5"
2016-08-22,13.11132204,1.859966843,2.1,1.6,0.5,2.1,"proj year 5"
2016-08-23,12.74043433,2.420927491,2.7,2,0.7,2.7,"proj year 5"
2016-08-24,12.61806662,1.269051985,1.4,1,0.4,1.4,"proj year 5"
2016-08-25,12.67357362,1.149798523,1.3,1,0.3,1.3,"proj year 5"
2016-08-26,12.69438875,2.215116878,2.4,1.8,0.6,2.4,"proj year 5"
2016-08-27,12.81139499,48.53723643,53.9,36.6,17.3,53.9,"proj year 5"
2016-08-28,12.6625353,27.44058963,30.2,20.9,9.3,30.2,"proj year 5"
2016-08-29,12.43167662,12.11827473,13,9.3,3.7,13,"proj year 5"
2016-08-30,12.41149226,6.612580523,7.1,5.1,2,7.1,"proj year 5"
2016-08-31,12.44271495,2.714946666,2.9,2.2,0.7,2.9,"proj year 5"
2016-09-01,13.26938124,3.115480823,3.6,2.6,1,3.6,"proj year 5"
2016-09-02,13.74683956,3.626126789,4.3,3.2,1.1,4.3,"proj year 5"
2016-09-03,13.33347283,2.578901541,3,2.2,0.8,3,"proj year 5"
2016-09-04,12.56967079,1.641126386,1.8,1.3,0.5,1.8,"proj year 5"
2016-09-05,12.25181924,1.623586958,1.7,1.3,0.4,1.7,"proj year 5"
2016-09-06,12.76070116,2.050884449,2.3,1.7,0.6,2.3,"proj year 5"
2016-09-07,12.62014369,1.622881309,1.8,1.3,0.5,1.8,"proj year 5"
2016-09-08,12.36394577,1.512306849,1.6,1.2,0.4,1.6,"proj year 5"
2016-09-09,12.04928871,1.759821368,1.8,1.4,0.4,1.8,"proj year 5"
2016-09-10,11.93684274,2.477106964,2.6,1.9,0.7,2.6,"proj year 5"
2016-09-11,11.89914779,2.188501811,2.3,1.7,0.6,2.3,"proj year 5"
2016-09-12,11.66595017,1.792917748,1.8,1.4,0.4,1.8,"proj year 5"
2016-09-13,11.53114279,1.829601213,1.8,1.4,0.4,1.8,"proj year 5"
2016-09-14,11.4343498,1.632374702,1.6,1.2,0.4,1.6,"proj year 5"
2016-09-15,11.408155,1.44181905,1.4,1.1,0.3,1.4,"proj year 5"
2016-09-16,11.38802973,3.80138496,3.7,2.7,1,3.7,"proj year 5"
2016-09-17,13.57082328,19.31334856,22.6,13.8,8.8,22.6,"proj year 5"
2016-09-18,13.00220444,24.73008507,27.8,16.9,10.9,27.8,"proj year 5"
2016-09-19,11.3295706,11.08763743,11.5,8.2,3.3,11.5,"proj year 5"
2016-09-20,11.08966456,7.056805325,7,5,2,7,"proj year 5"
2016-09-21,9.56110213,25.21638034,20.7,14.2,6.5,20.7,"proj year 5"
2016-09-22,9.111318241,18.93631315,14.9,10.3,4.6,14.9,"proj year 5"
2016-09-23,9.01165022,9.472530267,7.4,5.2,2.2,7.4,"proj year 5"
2016-09-24,9.425975294,10.14801528,8.3,6,2.3,8.3,"proj year 5"
2016-09-25,9.319598848,11.61838975,9.3,6.7,2.6,9.3,"proj year 5"
2016-09-26,9.259542477,6.99214802,6,4,2,6,"proj year 5"
2016-09-27,8.980344239,2.382666636,1.8,1.4,0.4,1.8,"proj year 5"
2016-09-28,8.728618596,2.497003944,1.9,1.4,0.5,1.9,"proj year 5"
2016-09-29,8.517782398,1.678201449,1.2,0.9,0.3,1.2,"proj year 5"
2016-09-30,8.399586348,1.239492981,0.9,0.7,0.2,0.9,"proj year 5"
