"Date","DailyDischarge","DailySSC","DailySuspendedSediment","DailySSfines","DailySSsand","TotalSedimentDischarge","ProjectYear","TimeStamp"
"2011-09-15",19.1,53.9,89.1,88.5,0.6,105,"proj year 1","During"
"2011-09-16",18.7,54.1,87.3,86.7,0.6,103,"proj year 1","During"
"2011-09-17",17.7,54.1,82.9,82.4,0.6,98,"proj year 1","During"
"2011-09-18",17.5,54.2,81.7,81.2,0.6,96,"proj year 1","During"
"2011-09-19",19.1,54.2,89.4,88.8,0.6,105,"proj year 1","During"
"2011-09-20",17.4,54.2,81.4,80.9,0.6,96,"proj year 1","During"
"2011-09-21",16.2,54.1,75.8,75.3,0.5,89,"proj year 1","During"
"2011-09-22",18.4,54.1,86.3,85.7,0.6,101,"proj year 1","During"
"2011-09-23",27.7,54.3,130.1,129.2,0.9,153,"proj year 1","During"
"2011-09-24",24.8,54.1,115.9,115.1,0.8,136,"proj year 1","During"
"2011-09-25",21.9,54.1,102.3,101.6,0.7,120,"proj year 1","During"
"2011-09-26",33.9,126,369.5,353.1,16.4,435,"proj year 1","During"
"2011-09-27",86.1,106.9,794.6,757.5,37.1,935,"proj year 1","During"
"2011-09-28",41.8,104.3,376.3,355.6,20.7,443,"proj year 1","During"
"2011-09-29",28.7,84,208.5,198.1,10.3,245,"proj year 1","During"
"2011-09-30",23.2,81.1,162.7,155,7.6,191,"proj year 1","During"
"2011-10-01",20.6,84.2,149.9,142.4,7.5,176,"proj year 1","During"
"2011-10-02",19,87.5,143.5,135.8,7.7,169,"proj year 1","During"
"2011-10-03",23.1,89.4,178.4,168.4,9.9,210,"proj year 1","During"
"2011-10-04",30,91.2,236.2,222.7,13.6,278,"proj year 1","During"
"2011-10-05",34.6,95.7,286,268.8,17.3,337,"proj year 1","During"
"2011-10-06",29.6,90.7,232.2,219,13.2,273,"proj year 1","During"
"2011-10-07",27.4,84.6,200.6,190.4,10.2,236,"proj year 1","During"
"2011-10-08",26.2,81,183.2,174.6,8.6,215,"proj year 1","During"
"2011-10-09",22,78,148.3,141.9,6.5,174,"proj year 1","During"
"2011-10-10",19.6,79.8,135.3,129.6,5.7,159,"proj year 1","During"
"2011-10-11",46.8,103.7,419.5,399.8,19.7,494,"proj year 1","During"
"2011-10-12",75.6,158.3,1034.1,963.5,70.6,1217,"proj year 1","During"
"2011-10-13",48.6,121.8,511.6,477.6,33.9,602,"proj year 1","During"
"2011-10-14",37.9,95.7,313.5,296.1,17.4,369,"proj year 1","During"
"2011-10-15",32.1,85.3,236.8,224.6,12.1,279,"proj year 1","During"
"2011-10-16",28,80.7,195.2,183.3,11.9,230,"proj year 1","During"
"2011-10-17",26.9,76.7,178.4,166.8,11.6,210,"proj year 1","During"
"2011-10-18",26.6,75.6,173.5,162.3,11.3,204,"proj year 1","During"
"2011-10-19",23.8,282.2,580.3,438.1,142.3,683,"proj year 1","During"
"2011-10-20",23,147.4,293.3,232,61.4,345,"proj year 1","During"
"2011-10-21",24.5,172.6,366.2,277.1,89.1,431,"proj year 1","During"
"2011-10-22",30.8,184.1,489.1,371.5,117.6,575,"proj year 1","During"
"2011-10-23",38.8,210.1,704.4,529.7,174.7,829,"proj year 1","During"
"2011-10-24",30.4,166.8,438.1,333.4,104.7,515,"proj year 1","During"
"2011-10-25",26.9,149.1,346,265.7,80.3,407,"proj year 1","During"
"2011-10-26",26.8,143.6,333,257.3,75.7,392,"proj year 1","During"
"2011-10-27",23.1,148.4,295.7,228.4,67.2,348,"proj year 1","During"
"2011-10-28",20.9,143.7,259.2,202,57.2,305,"proj year 1","During"
"2011-10-29",29.9,135.1,348.7,273.1,75.7,410,"proj year 1","During"
"2011-10-30",24.9,123.4,265.1,211.9,53.2,312,"proj year 1","During"
"2011-10-31",28.1,112,271.8,221.8,50,320,"proj year 1","During"
"2011-11-01",24.2,107.7,225.2,184.4,40.8,265,"proj year 1","During"
"2011-11-02",22,106,201.6,165.7,36,237,"proj year 1","During"
"2011-11-03",22.2,103.1,197.6,162.8,34.8,233,"proj year 1","During"
"2011-11-04",20.8,102,183.5,151.6,31.9,216,"proj year 1","During"
"2011-11-05",19.6,95.7,162.1,136.3,25.8,191,"proj year 1","During"
"2011-11-06",18.6,92.8,149.3,126.3,23,176,"proj year 1","During"
"2011-11-07",17.9,92,142.3,120.4,21.9,167,"proj year 1","During"
"2011-11-08",17.5,93.9,142,119.7,22.3,167,"proj year 1","During"
"2011-11-09",17.2,92.8,137.7,116.3,21.4,162,"proj year 1","During"
"2011-11-10",17.8,97.8,150,126.2,23.9,177,"proj year 1","During"
"2011-11-11",19.4,102.6,172.3,144.1,28.2,203,"proj year 1","During"
"2011-11-12",27.6,116.8,278.1,225.1,53.1,327,"proj year 1","During"
"2011-11-13",23,111.6,221.8,180.1,41.7,261,"proj year 1","During"
"2011-11-14",21.3,104.3,192,157.7,34.4,226,"proj year 1","During"
"2011-11-15",19.7,101.3,172,142.1,29.9,202,"proj year 1","During"
"2011-11-16",18.4,104.9,167.1,137.6,29.5,197,"proj year 1","During"
"2011-11-17",32.2,128.9,358.4,288,70.4,422,"proj year 1","During"
"2011-11-18",29.6,154.9,395.6,302.7,92.9,465,"proj year 1","During"
"2011-11-19",24.1,152.2,316.8,240.3,76.4,373,"proj year 1","During"
"2011-11-20",21.5,132,244.9,189.6,55.3,288,"proj year 1","During"
"2011-11-21",20.9,119.4,215.7,171.4,44.3,254,"proj year 1","During"
"2011-11-22",58.5,300.5,1519.9,1141.1,378.8,1788,"proj year 1","During"
"2011-11-23",197.9,1513.9,25880,16731.6,9148.4,30447,"proj year 1","During"
"2011-11-24",111.7,935.4,9025.5,6088.3,2937.3,10618,"proj year 1","During"
"2011-11-25",77,483.4,3215.9,2191.1,1024.9,3783,"proj year 1","During"
"2011-11-26",59.8,416.7,2155,1483.7,671.2,2535,"proj year 1","During"
"2011-11-27",159.1,845,11613.5,7950.5,3663,13663,"proj year 1","During"
"2011-11-28",148.3,1050.6,13460,9384.3,4075.7,15835,"proj year 1","During"
"2011-11-29",93.9,466,3781.6,2706.8,1074.8,4449,"proj year 1","During"
"2011-11-30",75.3,251.9,1639.3,1217.9,421.4,1929,"proj year 1","During"
"2011-12-01",63.6,223,1224.9,920.4,304.5,1441,"proj year 1","During"
"2011-12-02",55.9,206.7,997.8,755.3,242.5,1174,"proj year 1","During"
"2011-12-03",49.9,170.4,734.1,568.9,165.3,864,"proj year 1","During"
"2011-12-04",45.4,165.1,648.4,500.2,148.2,763,"proj year 1","During"
"2011-12-05",41.8,164.9,595,463.7,131.3,700,"proj year 1","During"
"2011-12-06",38.6,138.6,462.6,374.3,88.3,544,"proj year 1","During"
"2011-12-07",36.5,121.2,382.1,315.4,66.7,450,"proj year 1","During"
"2011-12-08",34.4,113.7,337.6,282.2,55.3,397,"proj year 1","During"
"2011-12-09",32.6,103.5,291.3,246.7,44.6,343,"proj year 1","During"
"2011-12-10",31.4,99,268.9,230.7,38.2,316,"proj year 1","During"
"2011-12-11",30.1,92.8,241.4,209.3,32.1,284,"proj year 1","During"
"2011-12-12",28.5,86.8,213.8,187.9,25.9,252,"proj year 1","During"
"2011-12-13",27.2,84.6,198.6,175.4,23.2,234,"proj year 1","During"
"2011-12-14",26.5,81.7,186.9,165.9,21,220,"proj year 1","During"
"2011-12-15",25.6,78.4,173.1,154.9,18.2,204,"proj year 1","During"
"2011-12-16",24.6,77.4,164.6,147.8,16.8,194,"proj year 1","During"
"2011-12-17",24,77.2,160.2,143.8,16.4,189,"proj year 1","During"
"2011-12-18",24.7,77.2,165.1,148.5,16.7,194,"proj year 1","During"
"2011-12-19",24.1,99.7,207.2,176.8,30.4,244,"proj year 1","During"
"2011-12-20",22.7,194.5,382,294.8,87.2,449,"proj year 1","During"
"2011-12-21",22.3,135,260.6,215.4,45.2,307,"proj year 1","During"
"2011-12-22",21.2,197,361.2,276.6,84.6,425,"proj year 1","During"
"2011-12-23",20.8,157.2,282.7,222.4,60.4,333,"proj year 1","During"
"2011-12-24",21,148.2,269.4,209.4,60,317,"proj year 1","During"
"2011-12-25",22.5,144.8,281.3,220.8,60.5,331,"proj year 1","During"
"2011-12-26",23.1,142.3,283.8,222.7,61.2,334,"proj year 1","During"
"2011-12-27",23.4,143.1,288.8,226.5,62.3,340,"proj year 1","During"
"2011-12-28",95.9,647.6,5364.4,3839.1,1525.2,6311,"proj year 1","During"
"2011-12-29",140.1,1325.2,16045.5,10056.5,5989,18877,"proj year 1","During"
"2011-12-30",99.3,928,7961.7,4913.4,3048.3,9367,"proj year 1","During"
"2011-12-31",74.9,455.5,2946.1,2034.4,911.8,3466,"proj year 1","During"
"2012-01-01",61.2,342.9,1814.4,1315.4,498.9,2135,"proj year 1","During"
"2012-01-02",57,265.9,1309.2,990.1,319.1,1540,"proj year 1","During"
"2012-01-03",75.1,279.2,1812.7,1386.8,425.9,2133,"proj year 1","During"
"2012-01-04",94.2,299.9,2441.9,1870.9,571,2873,"proj year 1","During"
"2012-01-05",152.9,435.2,5748.6,4184.9,1563.7,6763,"proj year 1","During"
"2012-01-06",101.2,507.8,4437.7,3125,1312.6,5221,"proj year 1","During"
"2012-01-07",81.8,445.1,3144.2,2143.2,1001,3699,"proj year 1","During"
"2012-01-08",72.2,258.6,1612.4,1192.6,419.8,1897,"proj year 1","During"
"2012-01-09",64.6,206.8,1155.2,889.3,265.9,1359,"proj year 1","During"
"2012-01-10",56.6,178,870,690.8,179.2,1024,"proj year 1","During"
"2012-01-11",52,169.5,761.5,612.7,148.8,896,"proj year 1","During"
"2012-01-12",49.7,159.1,683.7,556.9,126.8,804,"proj year 1","During"
"2012-01-13",45.3,145.4,568.7,470.6,98.1,669,"proj year 1","During"
"2012-01-14",45.3,135.9,531.5,444.8,86.7,625,"proj year 1","During"
"2012-01-15",42.6,123.4,454.4,386.6,67.8,535,"proj year 1","During"
"2012-01-16",38.1,119.3,392.8,333.9,58.9,462,"proj year 1","During"
"2012-01-17",37.6,114.9,373.4,319,54.4,439,"proj year 1","During"
"2012-01-18",36.7,121,383.5,323.6,59.9,451,"proj year 1","During"
"2012-01-19",33.8,115,335.9,284.9,51,395,"proj year 1","During"
"2012-01-20",34.6,106.3,317.4,271.4,46,373,"proj year 1","During"
"2012-01-21",71.7,168.4,1043.1,830.2,212.9,1227,"proj year 1","During"
"2012-01-22",61.5,154.6,821.2,668.6,152.6,966,"proj year 1","During"
"2012-01-23",55.8,283.2,1365.4,996.2,369.3,1606,"proj year 1","During"
"2012-01-24",51.7,177.9,794.5,624.2,170.3,935,"proj year 1","During"
"2012-01-25",92.6,289.6,2316,1674.7,641.2,2725,"proj year 1","During"
"2012-01-26",80.7,260.5,1816.5,1335.3,481.2,2137,"proj year 1","During"
"2012-01-27",64.6,368.5,2057.4,1443.4,614,2421,"proj year 1","During"
"2012-01-28",55.6,247.1,1187,879.8,307.2,1396,"proj year 1","During"
"2012-01-29",80.4,328.4,2281.4,1618.8,662.6,2684,"proj year 1","During"
"2012-01-30",101.5,371,3253.1,2260.5,992.6,3827,"proj year 1","During"
"2012-01-31",79.3,245,1678.6,1242.8,435.9,1975,"proj year 1","During"
"2012-02-01",71.2,204.6,1258.6,966.5,292.1,1481,"proj year 1","During"
"2012-02-02",62.4,184.2,992.9,776.1,216.8,1168,"proj year 1","During"
"2012-02-03",56.9,166.2,817.3,653.6,163.7,962,"proj year 1","During"
"2012-02-04",53.5,158.6,732.6,590.6,142.1,862,"proj year 1","During"
"2012-02-05",49.8,145.9,627.7,514.9,112.7,738,"proj year 1","During"
"2012-02-06",46.6,136.5,550.2,455.3,94.9,647,"proj year 1","During"
"2012-02-07",44.9,132.1,512.2,427.1,85.1,603,"proj year 1","During"
"2012-02-08",43.4,115.4,432.5,370.6,61.9,509,"proj year 1","During"
"2012-02-09",46.5,115.8,465.3,398.7,66.7,547,"proj year 1","During"
"2012-02-10",60.2,121.7,633.4,539.1,94.3,745,"proj year 1","During"
"2012-02-11",61.2,105.9,560.1,494.7,65.4,659,"proj year 1","During"
"2012-02-12",56.5,96.7,472.4,426.3,46.1,556,"proj year 1","During"
"2012-02-13",51.9,100,448.8,401.6,47.1,528,"proj year 1","During"
"2012-02-14",47.9,100.3,415.5,370,45.5,489,"proj year 1","During"
"2012-02-15",43.4,100.1,375.5,334.3,41.2,442,"proj year 1","During"
"2012-02-16",42.3,99.4,363.3,322.2,41,427,"proj year 1","During"
"2012-02-17",40.3,95.2,331.7,295.7,36,390,"proj year 1","During"
"2012-02-18",50.8,118.8,521.3,445.2,76.1,613,"proj year 1","During"
"2012-02-19",46.9,112.2,454.4,392.7,61.7,535,"proj year 1","During"
"2012-02-20",40.9,107,378.6,328.8,49.8,445,"proj year 1","During"
"2012-02-21",45.8,110.3,436.4,375.9,60.5,513,"proj year 1","During"
"2012-02-22",72.1,151.3,942.6,763.3,179.3,1109,"proj year 1","During"
"2012-02-23",64.3,133.5,741.9,617.1,124.8,873,"proj year 1","During"
"2012-02-24",57.4,133.1,659.8,547.6,112.2,776,"proj year 1","During"
"2012-02-25",57.3,133.2,659.9,548.2,111.8,776,"proj year 1","During"
"2012-02-26",50.1,126.4,547.4,457.9,89.5,644,"proj year 1","During"
"2012-02-27",47.4,120.9,494.9,417,77.8,582,"proj year 1","During"
"2012-02-28",45.1,114.4,446,378.9,67.1,525,"proj year 1","During"
"2012-02-29",44.1,115.9,441.2,372.6,68.6,519,"proj year 1","During"
"2012-03-01",41.1,115.5,410,337.6,72.4,482,"proj year 1","During"
"2012-03-02",37,114.4,366.1,301.8,64.3,431,"proj year 1","During"
"2012-03-03",38.5,117.9,392.2,324.2,68,461,"proj year 1","During"
"2012-03-04",35.9,112.2,348.3,289.2,59.2,410,"proj year 1","During"
"2012-03-05",36.9,116.7,372.2,305.9,66.3,438,"proj year 1","During"
"2012-03-06",36.1,117.8,367.4,302.1,65.3,432,"proj year 1","During"
"2012-03-07",33.4,117.8,340.2,278.7,61.6,400,"proj year 1","During"
"2012-03-08",31.9,109.9,302.7,250.9,51.8,356,"proj year 1","During"
"2012-03-09",31.7,106.7,292.1,242.9,49.2,344,"proj year 1","During"
"2012-03-10",34.5,107.9,321.8,268.2,53.7,379,"proj year 1","During"
"2012-03-11",35,110.1,332.9,276.9,56,392,"proj year 1","During"
"2012-03-12",36.7,119,376.9,309.2,67.7,443,"proj year 1","During"
"2012-03-13",37.1,127.4,408.5,329.3,79.2,481,"proj year 1","During"
"2012-03-14",33.8,121.5,354.5,286.1,68.4,417,"proj year 1","During"
"2012-03-15",56.7,175.9,861.8,661.8,200,1014,"proj year 1","During"
"2012-03-16",70.8,410.7,2511.3,1748.4,762.9,2954,"proj year 1","During"
"2012-03-17",57.5,324.3,1611.2,1187.6,423.6,1896,"proj year 1","During"
"2012-03-18",49.6,282.3,1209.8,904.4,305.4,1423,"proj year 1","During"
"2012-03-19",51.7,261.5,1167.1,861,306.1,1373,"proj year 1","During"
"2012-03-20",45,248.8,967.1,715.8,251.3,1138,"proj year 1","During"
"2012-03-21",43,420.3,1560.8,1007.7,553.1,1836,"proj year 1","During"
"2012-03-22",41.7,255.7,920.7,543.1,377.6,1083,"proj year 1","During"
"2012-03-23",36.8,279.9,889.7,459.9,429.9,1047,"proj year 1","During"
"2012-03-24",35.8,324.5,1003.9,691.4,312.5,1181,"proj year 1","During"
"2012-03-25",35.1,395.8,1202.1,807.4,394.7,1414,"proj year 1","During"
"2012-03-26",34.6,528.1,1580.9,1026.3,554.6,1860,"proj year 1","During"
"2012-03-27",37,783.8,2504,1554,950,2946,"proj year 1","During"
"2012-03-28",46.6,1458.3,5875.4,3464.1,2411.4,6912,"proj year 1","During"
"2012-03-29",62.4,2555.3,13782.6,7663.8,6118.8,16215,"proj year 1","During"
"2012-03-30",62.6,2534.8,13709.9,7641.9,6068.1,16129,"proj year 1","During"
"2012-03-31",55.6,1914.9,9195.5,5270.7,3924.8,10818,"proj year 1","During"
"2012-04-01",49.7,1987.1,8530,4848.8,3681.1,10035,"proj year 1","During"
"2012-04-02",44.8,1604.9,6209.7,3599.5,2610.2,7306,"proj year 1","During"
"2012-04-03",45.3,1119,4375.5,2644.5,1731,5148,"proj year 1","During"
"2012-04-04",45,959,3724.7,2293.8,1430.9,4382,"proj year 1","During"
"2012-04-05",41.4,682.9,2440.3,1571.5,868.8,2871,"proj year 1","During"
"2012-04-06",38.8,618.7,2072,1354.1,717.9,2438,"proj year 1","During"
"2012-04-07",36.3,552.8,1735.5,1156.5,579,2042,"proj year 1","During"
"2012-04-08",34.6,456,1363.7,929.9,433.8,1604,"proj year 1","During"
"2012-04-09",34.2,446.3,1319,902.2,416.7,1552,"proj year 1","During"
"2012-04-10",36.8,413.4,1314.4,905.9,408.5,1546,"proj year 1","During"
"2012-04-11",41.1,481.4,1709.4,1159,550.4,2011,"proj year 1","During"
"2012-04-12",43.6,478.2,1802.9,1229.5,573.4,2121,"proj year 1","During"
"2012-04-13",45.3,492.3,1927.4,1309.6,617.8,2268,"proj year 1","During"
"2012-04-14",42.6,446.9,1643.3,1128.5,514.8,1933,"proj year 1","During"
"2012-04-15",41.7,601.6,2165.4,1438.9,726.5,2548,"proj year 1","During"
"2012-04-16",46.1,2168.8,8637,5142.3,3494.8,10161,"proj year 1","During"
"2012-04-17",50.3,3556.8,15444.7,8712,6732.6,18170,"proj year 1","During"
"2012-04-18",45.4,3329.6,13064.3,5781.9,7282.3,15370,"proj year 1","During"
"2012-04-19",43.6,3007.6,11337,4989.6,6347.5,13338,"proj year 1","During"
"2012-04-20",64,4068.2,22478.6,9211.8,13266.8,26445,"proj year 1","During"
"2012-04-21",62.2,3365.8,18086.5,7485.5,10601.1,21278,"proj year 1","During"
"2012-04-22",63.2,3024.9,16513.2,9391.7,7121.5,19427,"proj year 1","During"
"2012-04-23",84.7,4417,32318.4,17412.5,14905.9,38022,"proj year 1","During"
"2012-04-24",103.8,4602.8,41289.3,21903.1,19386.1,48576,"proj year 1","During"
"2012-04-25",116.8,4640.3,46815.9,24706.3,22109.6,55078,"proj year 1","During"
"2012-04-26",143.8,6489.2,80645.3,41386.3,39259,94877,"proj year 1","During"
"2012-04-27",108,3555.7,33191.2,16860.9,16330.4,39049,"proj year 1","During"
"2012-04-28",87.4,2268.6,17126.5,8582.3,8544.2,20149,"proj year 1","During"
"2012-04-29",79.3,1327.1,9097.3,4539.7,4557.5,10703,"proj year 1","During"
"2012-04-30",82,1104.6,7824,3851.6,3972.4,9205,"proj year 1","During"
"2012-05-01",78.8,1255.7,8550.3,4015,4535.4,10059,"proj year 1","During"
"2012-05-02",69.3,1606.4,9616.5,4333.7,5282.8,11314,"proj year 1","During"
"2012-05-03",63.6,1168.4,6425.4,4136.6,2288.8,7559,"proj year 1","During"
"2012-05-04",59.2,849.1,4345.8,2853.4,1492.4,5113,"proj year 1","During"
"2012-05-05",54.8,813.5,3848.8,2529.7,1319.1,4528,"proj year 1","During"
"2012-05-06",51.7,691.7,3089.4,2037.8,1051.6,3635,"proj year 1","During"
"2012-05-07",52.2,632.3,2850,1902.7,947.3,3353,"proj year 1","During"
"2012-05-08",59,902.2,4601.3,3050.6,1550.7,5413,"proj year 1","During"
"2012-05-09",62.7,1032.8,5598.4,3698.8,1899.6,6586,"proj year 1","During"
"2012-05-10",58.3,790.4,3980.6,2653.9,1326.7,4683,"proj year 1","During"
"2012-05-11",53.9,572,2661.8,1783.1,878.7,3132,"proj year 1","During"
"2012-05-12",52.8,543.8,2481.9,1692.7,789.2,2920,"proj year 1","During"
"2012-05-13",58.4,654.7,3301.5,2234.7,1066.9,3884,"proj year 1","During"
"2012-05-14",71.2,1082.8,6664.1,4338.9,2325.3,7840,"proj year 1","During"
"2012-05-15",90.4,768,5999.5,3799.9,2199.6,7058,"proj year 1","During"
"2012-05-16",98.4,689.1,5858.1,3732.7,2125.5,6892,"proj year 1","During"
"2012-05-17",91,507,3985.3,2644.6,1340.7,4689,"proj year 1","During"
"2012-05-18",80.1,359.2,2484.7,1734.9,749.9,2923,"proj year 1","During"
"2012-05-19",71.6,296.2,1832.7,1324.9,507.8,2156,"proj year 1","During"
"2012-05-20",68.9,275.8,1641.9,1202.1,439.8,1932,"proj year 1","During"
"2012-05-21",83.9,426.5,3092.8,2128.5,964.2,3639,"proj year 1","During"
"2012-05-22",109.6,1067.6,10111.9,6113.4,3998.5,11896,"proj year 1","During"
"2012-05-23",88.8,723.7,5552.7,3519.9,2032.8,6533,"proj year 1","During"
"2012-05-24",78,593.4,3996.9,2590.8,1406.2,4702,"proj year 1","During"
"2012-05-25",70.3,537.7,3265.5,2143,1122.5,3842,"proj year 1","During"
"2012-05-26",70.4,423.9,2579.9,1758.2,821.8,3035,"proj year 1","During"
"2012-05-27",75.3,371.7,2418.1,1687.1,731,2845,"proj year 1","During"
"2012-05-28",75.4,301.9,1965.8,1420.2,545.6,2313,"proj year 1","During"
"2012-05-29",71.7,261.3,1619.1,1202.5,416.6,1905,"proj year 1","During"
"2012-05-30",65.9,246.7,1404.6,1054.4,350.2,1652,"proj year 1","During"
"2012-05-31",72.4,261.9,1638.9,1224.2,414.6,1928,"proj year 1","During"
"2012-06-01",104.4,581.8,5246.1,3482.8,1763.2,6172,"proj year 1","During"
"2012-06-02",109.8,586.9,5565.6,3630.3,1935.3,6548,"proj year 1","During"
"2012-06-03",88.3,398.6,3040.1,2099.9,940.2,3577,"proj year 1","During"
"2012-06-04",75.9,301.9,1979.5,1434.3,545.2,2329,"proj year 1","During"
"2012-06-05",68.7,271.1,1608.4,1188.2,420.2,1892,"proj year 1","During"
"2012-06-06",64.2,247.5,1373.1,1028.2,344.9,1615,"proj year 1","During"
"2012-06-07",69.2,254.8,1522.4,1131.4,391,1791,"proj year 1","During"
"2012-06-08",75.4,249.2,1622.9,1219.6,403.2,1909,"proj year 1","During"
"2012-06-09",65.5,289.6,1638.9,1190.3,448.6,1928,"proj year 1","During"
"2012-06-10",62.7,289.7,1570,1140.1,429.9,1847,"proj year 1","During"
"2012-06-11",63.3,295.9,1617.9,1171.2,446.7,1903,"proj year 1","During"
"2012-06-12",74.8,264.8,1711.8,1266.7,445.1,2014,"proj year 1","During"
"2012-06-13",82,284.9,2018.8,1477.3,541.5,2375,"proj year 1","During"
"2012-06-14",77.2,314,2093.8,1509.9,583.8,2463,"proj year 1","During"
"2012-06-15",70,327.1,1977.7,1407.9,569.8,2327,"proj year 1","During"
"2012-06-16",81.7,294.3,2076.6,1517,559.6,2443,"proj year 1","During"
"2012-06-17",111.9,452.4,4374.3,2956.9,1417.4,5146,"proj year 1","During"
"2012-06-18",91.9,352.6,2800.9,1966,834.9,3295,"proj year 1","During"
"2012-06-19",78.5,293.1,1988.2,1437.2,551.1,2339,"proj year 1","During"
"2012-06-20",71.1,256.7,1575.5,1172.6,403,1854,"proj year 1","During"
"2012-06-21",73.7,258,1643.4,1223.5,419.9,1933,"proj year 1","During"
"2012-06-22",78.8,240.5,1637.6,1239.8,397.7,1927,"proj year 1","During"
"2012-06-23",79,242.5,1654.8,1250.9,403.9,1947,"proj year 1","During"
"2012-06-24",78.3,230,1556.3,1189.5,366.7,1831,"proj year 1","During"
"2012-06-25",69.3,267.2,1599.1,1182.6,416.5,1881,"proj year 1","During"
"2012-06-26",66.9,249.9,1444,1084.2,359.8,1699,"proj year 1","During"
"2012-06-27",61.5,242.8,1291,976.4,314.6,1519,"proj year 1","During"
"2012-06-28",61,241.4,1272.2,957.2,315,1497,"proj year 1","During"
"2012-06-29",68.5,236.6,1400.4,1058.1,342.4,1648,"proj year 1","During"
"2012-06-30",78.8,230.9,1572.1,1194,378.1,1849,"proj year 1","During"
"2012-07-01",81.9,218.2,1544.4,1186.7,357.8,1817,"proj year 1","During"
"2012-07-02",80,257,1775.6,1316.1,459.5,2089,"proj year 1","During"
"2012-07-03",77.3,216.3,1445.1,1111.3,333.8,1700,"proj year 1","During"
"2012-07-04",73,228.7,1442.7,1094.7,348,1697,"proj year 1","During"
"2012-07-05",70,237.2,1435.5,1078.5,357,1689,"proj year 1","During"
"2012-07-06",65.7,180.3,1024,810.6,213.4,1205,"proj year 1","During"
"2012-07-07",69.8,177,1067.3,863.6,203.7,1256,"proj year 1","During"
"2012-07-08",73.8,178.7,1140.5,922.7,217.7,1342,"proj year 1","During"
"2012-07-09",85.5,214.8,1587.2,1232.5,354.7,1867,"proj year 1","During"
"2012-07-10",92,391.6,3112.5,2189.4,923,3662,"proj year 1","During"
"2012-07-11",83.7,297.4,2149.9,1547.9,602,2529,"proj year 1","During"
"2012-07-12",84.6,402.9,2946.3,2036.7,909.5,3466,"proj year 1","During"
"2012-07-13",91,564.7,4440.1,2935,1505.1,5224,"proj year 1","During"
"2012-07-14",83.6,384.8,2780.2,1925.5,854.7,3271,"proj year 1","During"
"2012-07-15",88,368.6,2803.5,1960.3,843.2,3298,"proj year 1","During"
"2012-07-16",75.2,340.9,2214.3,1566.3,647.9,2605,"proj year 1","During"
"2012-07-17",75.6,335.7,2192.8,1551.7,641,2580,"proj year 1","During"
"2012-07-18",74.6,296.4,1909.5,1377.5,532,2246,"proj year 1","During"
"2012-07-19",68.9,258.6,1538.1,1135.2,402.9,1810,"proj year 1","During"
"2012-07-20",69.8,252.2,1520.2,1126.9,393.2,1788,"proj year 1","During"
"2012-07-21",63.8,227.3,1253.1,945.8,307.4,1474,"proj year 1","During"
"2012-07-22",56.8,236.9,1163.4,871.4,292,1369,"proj year 1","During"
"2012-07-23",51.2,236.3,1044.5,779.3,265.2,1229,"proj year 1","During"
"2012-07-24",48.7,245.9,1035.1,766.2,268.9,1218,"proj year 1","During"
"2012-07-25",48.5,223.6,937.8,705.1,232.7,1103,"proj year 1","During"
"2012-07-26",50.9,229.9,1011.5,753.9,257.6,1190,"proj year 1","During"
"2012-07-27",51.9,223.7,1003.8,750,253.9,1181,"proj year 1","During"
"2012-07-28",48.3,197.3,823.8,630.1,193.6,969,"proj year 1","During"
"2012-07-29",47.1,216.1,879.5,663.4,216.1,1035,"proj year 1","During"
"2012-07-30",43.7,203.4,768.5,582.3,186.2,904,"proj year 1","During"
"2012-07-31",43,177,657.5,511.6,145.8,774,"proj year 1","During"
"2012-08-01",39.3,159.6,542.1,432.1,110,638,"proj year 1","During"
"2012-08-02",38.7,144.5,482.9,393.2,89.7,568,"proj year 1","During"
"2012-08-03",38,135.1,443.1,367.9,75.3,521,"proj year 1","During"
"2012-08-04",37.7,151.5,493,398.7,94.4,580,"proj year 1","During"
"2012-08-05",40.9,143.6,507.4,414.3,93.2,597,"proj year 1","During"
"2012-08-06",43.2,143.3,534.6,438.5,96.1,629,"proj year 1","During"
"2012-08-07",39.7,130.2,447.1,374.9,72.2,526,"proj year 1","During"
"2012-08-08",37.6,112.7,365.8,316.5,49.4,430,"proj year 1","During"
"2012-08-09",33.4,108.7,313.7,273.7,40,369,"proj year 1","During"
"2012-08-10",31.1,107.5,289.2,252.9,36.3,340,"proj year 1","During"
"2012-08-11",29.4,96.8,245.7,220,25.7,289,"proj year 1","During"
"2012-08-12",27.9,90.2,217.6,198.9,18.6,256,"proj year 1","During"
"2012-08-13",27.3,86.1,203.4,187.9,15.5,239,"proj year 1","During"
"2012-08-14",27.4,81.7,193,182.2,10.8,227,"proj year 1","During"
"2012-08-15",28.9,96.3,240.7,216.7,24,283,"proj year 1","During"
"2012-08-16",27.4,98.3,232.3,207.6,24.7,273,"proj year 1","During"
"2012-08-17",27.4,92.7,219.7,199.4,20.3,259,"proj year 1","During"
"2012-08-18",27,83.8,195.5,182.5,13,230,"proj year 1","During"
"2012-08-19",26.1,77.3,174.3,166.9,7.4,205,"proj year 1","During"
"2012-08-20",24.4,78.7,166,158.7,7.4,195,"proj year 1","During"
"2012-08-21",22.5,74.6,144.8,139.1,5.7,170,"proj year 1","During"
"2012-08-22",20.9,72.2,130.3,125.6,4.7,153,"proj year 1","During"
"2012-08-23",19.8,69.2,118.6,114.8,3.8,140,"proj year 1","During"
"2012-08-24",18.8,68.8,111.7,108.2,3.5,131,"proj year 1","During"
"2012-08-25",18,66.9,103.9,101,3,122,"proj year 1","During"
"2012-08-26",17.6,67.4,102.6,99.6,3,121,"proj year 1","During"
"2012-08-27",18.2,65.6,103.4,100.6,2.8,122,"proj year 1","During"
"2012-08-28",17.5,67.8,102.5,99.4,3.1,121,"proj year 1","During"
"2012-08-29",17.2,69,102.3,99.1,3.2,120,"proj year 1","During"
"2012-08-30",16.6,67.1,96.3,93.5,2.8,113,"proj year 1","During"
"2012-08-31",16,64.1,88.7,86.5,2.2,104,"proj year 1","During"
"2012-09-01",15.5,61.9,82.8,81.1,1.7,97,"proj year 1","During"
"2012-09-02",15,61.8,79.9,78.3,1.6,94,"proj year 1","During"
"2012-09-03",14.7,62.3,79,77.3,1.7,93,"proj year 1","During"
"2012-09-04",14.5,61.1,76.5,75,1.5,90,"proj year 1","During"
"2012-09-05",14.4,59.3,73.7,72.5,1.2,87,"proj year 1","During"
"2012-09-06",14.5,63.9,80.1,78.3,1.8,94,"proj year 1","During"
"2012-09-07",14.6,62,78.2,76.6,1.6,92,"proj year 1","During"
"2012-09-08",14.6,61.8,77.9,76.4,1.5,92,"proj year 1","During"
"2012-09-09",14.6,57.7,72.6,71.7,1,85,"proj year 1","During"
"2012-09-10",15.2,67.3,88.1,83.8,4.3,104,"proj year 1","During"
"2012-09-11",14.2,59.7,73,71.8,1.2,86,"proj year 1","During"
"2012-09-12",13.1,74.6,84.6,80.4,4.2,100,"proj year 1","During"
"2012-09-13",12.5,77.4,83.7,79,4.7,98,"proj year 1","During"
"2012-09-14",12.2,73,76.8,74,2.8,90,"proj year 1","During"
"2012-09-15",13.6,76.2,89.6,84.5,5.2,105,"proj year 1","During"
"2012-09-16",12.1,68.9,72.2,69.9,2.3,96,"proj year 2","During"
"2012-09-17",14.7,121.5,154.5,126.2,28.3,206,"proj year 2","During"
"2012-09-18",12,107.3,110.8,96,14.8,148,"proj year 2","During"
"2012-09-19",12,107.5,111.1,95.9,15.2,148,"proj year 2","During"
"2012-09-20",14.8,135.3,172.7,141,31.7,230,"proj year 2","During"
"2012-09-21",12.4,121.7,130.5,109.7,20.8,174,"proj year 2","During"
"2012-09-22",12.2,114.2,120.7,102.4,18.3,161,"proj year 2","During"
"2012-09-23",11.8,105.8,108.1,93.4,14.8,144,"proj year 2","During"
"2012-09-24",11.9,102.8,105.5,91.8,13.8,141,"proj year 2","During"
"2012-09-25",11.1,98.3,94.5,83,11.5,126,"proj year 2","During"
"2012-09-26",10.8,101.3,94.1,82.1,11.9,125,"proj year 2","During"
"2012-09-27",10.4,91.1,81.6,72.8,8.9,109,"proj year 2","During"
"2012-09-28",10.2,101.2,89.1,77.9,11.2,119,"proj year 2","During"
"2012-09-29",10.5,94.9,86,76,10,115,"proj year 2","During"
"2012-09-30",10.4,81.3,72.7,66.6,6.1,97,"proj year 2","During"
"2012-10-01",9.7,80.7,67.6,62.5,5.1,90,"proj year 2","During"
"2012-10-02",9.9,82,69.9,64,5.9,93,"proj year 2","During"
"2012-10-03",9.5,81.1,66.8,58.9,7.9,89,"proj year 2","During"
"2012-10-04",9.1,81.6,64.1,59,5.1,85,"proj year 2","During"
"2012-10-05",8.8,81.4,61.8,56.6,5.3,82,"proj year 2","During"
"2012-10-06",8.5,75.6,55.8,52.1,3.7,74,"proj year 2","During"
"2012-10-07",8.4,70,50.5,48.6,1.9,67,"proj year 2","During"
"2012-10-08",9.3,87.8,70.4,63.6,6.7,94,"proj year 2","During"
"2012-10-09",8.7,81.8,61.7,56.6,5.1,82,"proj year 2","During"
"2012-10-10",8.3,92.3,66.2,59.2,7,88,"proj year 2","During"
"2012-10-11",8.1,97.8,68.9,60.2,8.7,92,"proj year 2","During"
"2012-10-12",8,89.1,61.2,54.7,6.6,82,"proj year 2","During"
"2012-10-13",9.9,100,85.4,74.7,10.7,114,"proj year 2","During"
"2012-10-14",39,1832.8,6181.4,3709.2,2472.2,8242,"proj year 2","During"
"2012-10-15",42,2405.4,8718.9,4878.7,3840.2,11625,"proj year 2","During"
"2012-10-16",53.9,3092.3,14400.6,7789.6,6611.1,19201,"proj year 2","During"
"2012-10-17",25.4,1223.2,2688.2,1586.3,1101.9,3584,"proj year 2","During"
"2012-10-18",21.1,900.1,1640.3,1033.8,606.5,2187,"proj year 2","During"
"2012-10-19",66.2,3277.5,18737.4,9937.1,8800.3,24983,"proj year 2","During"
"2012-10-20",35.8,1354.3,4191.9,2457.2,1734.7,5589,"proj year 2","During"
"2012-10-21",26.5,1109.5,2541.2,1526.1,1015.1,3388,"proj year 2","During"
"2012-10-22",22,686.9,1305.2,837.1,468,1740,"proj year 2","During"
"2012-10-23",19.4,577.3,965.6,633.8,331.8,1287,"proj year 2","During"
"2012-10-24",18,1069.2,1663.4,1025.4,638,2218,"proj year 2","During"
"2012-10-25",16.6,2113.3,3027.1,1661.4,1365.7,4036,"proj year 2","During"
"2012-10-26",15.8,1252.9,1706.2,1007.3,698.9,2275,"proj year 2","During"
"2012-10-27",17.7,2127.1,3258.6,1815.1,1443.5,4345,"proj year 2","During"
"2012-10-28",34.9,4790.9,14449.4,7360.5,7088.8,19266,"proj year 2","During"
"2012-10-29",36.7,4884.5,15505.5,7976.5,7529,20674,"proj year 2","During"
"2012-10-30",44.1,4070,15520.2,8239.4,7280.8,20694,"proj year 2","During"
"2012-10-31",109.2,8592.5,81087.4,40188.4,40899,108117,"proj year 2","During"
"2012-11-01",109.3,8527.1,80513.6,39904,40609.7,107352,"proj year 2","During"
"2012-11-02",53.4,5662.5,26106.6,13303.5,12803.1,34809,"proj year 2","During"
"2012-11-03",39.9,4314.7,14857.8,7785,7072.8,19810,"proj year 2","During"
"2012-11-04",39.1,3516.3,11882.9,6365.9,5517,15844,"proj year 2","During"
"2012-11-05",46.2,3517.9,14045.5,7507,6538.6,18727,"proj year 2","During"
"2012-11-06",38.9,2456.3,8260,4603.3,3656.7,11013,"proj year 2","During"
"2012-11-07",39.7,2706.8,9284.3,5113.2,4171.1,12379,"proj year 2","During"
"2012-11-08",36.6,2579.2,8158.2,4431.2,3727,10878,"proj year 2","During"
"2012-11-09",35.8,2941.5,9097.8,4909.5,4188.3,12130,"proj year 2","During"
"2012-11-10",35.4,2192.6,6708.6,3674,3034.6,8945,"proj year 2","During"
"2012-11-11",36.9,2112.7,6727.3,3698.3,3029,8970,"proj year 2","During"
"2012-11-12",46.6,3274.3,13186.8,7072.6,6114.2,17582,"proj year 2","During"
"2012-11-13",44.7,3249.1,12541.7,6630.6,5911.1,16722,"proj year 2","During"
"2012-11-14",47.5,3713.1,15227.1,8121.9,7105.2,20303,"proj year 2","During"
"2012-11-15",45.9,2903.2,11516.2,6318.5,5197.7,15355,"proj year 2","During"
"2012-11-16",47.3,3168.7,12955.5,7014.9,5940.5,17274,"proj year 2","During"
"2012-11-17",76.8,7049.9,46767.9,23439.8,23328.1,62357,"proj year 2","During"
"2012-11-18",76.3,5480.3,36119.7,17316.5,18803.2,48160,"proj year 2","During"
"2012-11-19",149.7,7238.4,93649.8,46916.9,46732.9,124866,"proj year 2","During"
"2012-11-20",138.2,6189.2,73883.4,37440,36443.4,98511,"proj year 2","During"
"2012-11-21",98.6,5924.2,50458.7,25694.9,24763.8,67278,"proj year 2","During"
"2012-11-22",58.2,5285.7,26569.9,13231.4,13338.6,35427,"proj year 2","During"
"2012-11-23",97.7,4581.3,38678.1,18927.8,19750.3,51571,"proj year 2","During"
"2012-11-24",85,7510.4,55137.7,26741.7,28396,73517,"proj year 2","During"
"2012-11-25",61.8,9206.7,49170,24283.3,24886.7,65560,"proj year 2","During"
"2012-11-26",54.9,6057.6,28747.2,14512.1,14235.1,38330,"proj year 2","During"
"2012-11-27",54.8,5230.3,24772.9,12644.6,12128.4,33031,"proj year 2","During"
"2012-11-28",57.6,5301.5,26378,13528.9,12849,35171,"proj year 2","During"
"2012-11-29",94.8,9847.7,80642.3,39642.7,40999.7,107523,"proj year 2","During"
"2012-11-30",145.5,9191.8,115517.2,56735.3,58781.9,154023,"proj year 2","During"
"2012-12-01",210,5240.9,95103.9,48578.8,46525.1,126805,"proj year 2","During"
"2012-12-02",187.2,10886.2,176028.9,86132.2,89896.6,234705,"proj year 2","During"
"2012-12-03",160.8,11717.2,162774.6,79257.5,83517.1,217033,"proj year 2","During"
"2012-12-04",174,8995.4,135264.8,66764.8,68500,180353,"proj year 2","During"
"2012-12-05",136.2,5507.7,64832.4,32994,31838.4,86443,"proj year 2","During"
"2012-12-06",113.7,5252.3,51588.7,26348.1,25240.6,68785,"proj year 2","During"
"2012-12-07",107.3,4435.5,41101.3,21380.3,19721,54802,"proj year 2","During"
"2012-12-08",95.8,4050,33510.4,17687.5,15822.9,44681,"proj year 2","During"
"2012-12-09",83.8,4492.4,32525.8,16931,15594.8,43368,"proj year 2","During"
"2012-12-10",72.9,4233.5,26672.3,13665.3,13007,35563,"proj year 2","During"
"2012-12-11",64.8,4330.4,24244,12135.6,12108.4,32325,"proj year 2","During"
"2012-12-12",58.8,3068.5,15593.6,7746.7,7846.9,20791,"proj year 2","During"
"2012-12-13",55.8,2191.5,10567.8,5988.7,4579.1,14090,"proj year 2","During"
"2012-12-14",55.5,1762.8,8448.1,4911.6,3536.5,11264,"proj year 2","During"
"2012-12-15",55.6,1684.5,8087.8,4734.3,3353.5,10784,"proj year 2","During"
"2012-12-16",56.5,1857.9,9077.1,5226,3851.1,12103,"proj year 2","During"
"2012-12-17",62.9,2251.3,12243.5,6939.4,5304.1,16325,"proj year 2","During"
"2012-12-18",56.9,1873.9,9211,5351.8,3859.2,12281,"proj year 2","During"
"2012-12-19",60.9,2317.5,12189,6912.1,5276.9,16252,"proj year 2","During"
"2012-12-20",63.3,2224,12164.5,6783.5,5380.9,16219,"proj year 2","During"
"2012-12-21",58.8,2421,12297.2,6774.9,5522.2,16396,"proj year 2","During"
"2012-12-22",58.8,2668.2,13549.9,7403.9,6145.9,18067,"proj year 2","During"
"2012-12-23",61.2,1487.7,7860,4548.2,3311.9,10480,"proj year 2","During"
"2012-12-24",60.2,1734,9022.3,5184.5,3837.7,12030,"proj year 2","During"
"2012-12-25",59.1,1217.5,6215.1,3408,2807.1,8287,"proj year 2","During"
"2012-12-26",56.3,1255.1,6109.6,3430.4,2679.2,8146,"proj year 2","During"
"2012-12-27",58.6,1144.2,5790.6,3347.3,2443.4,7721,"proj year 2","During"
"2012-12-28",60.1,1114.4,5784.3,3452.9,2331.4,7712,"proj year 2","During"
"2012-12-29",55.1,1143.4,5438.7,3335.1,2103.6,7252,"proj year 2","During"
"2012-12-30",54,1142.2,5332.3,3261.7,2070.6,7110,"proj year 2","During"
"2012-12-31",55.1,1660.4,7905,4636,3269,10540,"proj year 2","During"
"2013-01-01",53.2,1024.6,4707,2894.3,1812.7,6276,"proj year 2","During"
"2013-01-02",50.2,1069.3,4638.9,2865.8,1773.1,6185,"proj year 2","During"
"2013-01-03",47.5,854.6,3505.9,2268.1,1237.8,4675,"proj year 2","During"
"2013-01-04",48,781.5,3239.6,2112.1,1127.5,4319,"proj year 2","During"
"2013-01-05",51.6,752.6,3356.7,2215.6,1141.1,4476,"proj year 2","During"
"2013-01-06",54.5,797.6,3754.1,2438.9,1315.2,5005,"proj year 2","During"
"2013-01-07",60.5,921.9,4819.5,3063.5,1756,6426,"proj year 2","During"
"2013-01-08",68.3,2768.2,16329.7,8994.3,7335.4,21773,"proj year 2","During"
"2013-01-09",129,6861,76488.7,38248.4,38240.3,101985,"proj year 2","During"
"2013-01-10",78.7,4661.4,31700.8,16394.1,15306.7,42268,"proj year 2","During"
"2013-01-11",64.2,3360.3,18653.4,10086.3,8567.1,24871,"proj year 2","During"
"2013-01-12",60.2,2092,10879.2,6181.5,4697.7,14506,"proj year 2","During"
"2013-01-13",65.1,1505.9,8469.6,4994.2,3475.4,11293,"proj year 2","During"
"2013-01-14",65.1,1192.9,6711.3,4063.1,2648.2,8948,"proj year 2","During"
"2013-01-15",59,947.6,4826.8,3011.6,1815.1,6436,"proj year 2","During"
"2013-01-16",54.2,851.9,3989.7,2521,1468.6,5320,"proj year 2","During"
"2013-01-17",49,811,3436.2,2185.3,1250.9,4582,"proj year 2","During"
"2013-01-18",47.1,702.9,2861.9,1853.2,1008.7,3816,"proj year 2","During"
"2013-01-19",47.8,653.5,2698.5,1764.9,933.6,3598,"proj year 2","During"
"2013-01-20",48.2,711.1,2960.1,1402.4,1557.7,3947,"proj year 2","During"
"2013-01-21",49,722,3054.9,1564.3,1490.6,4073,"proj year 2","During"
"2013-01-22",46.2,740.3,2957.5,1622.3,1335.2,3943,"proj year 2","During"
"2013-01-23",46,1072.8,4262.3,2451.8,1810.5,5683,"proj year 2","During"
"2013-01-24",45.6,1459.6,5754.9,3489.1,2265.8,7673,"proj year 2","During"
"2013-01-25",42.6,1753,6454.3,3801.8,2652.5,8606,"proj year 2","During"
"2013-01-26",42.4,1405,5150.5,3151,1999.4,6867,"proj year 2","During"
"2013-01-27",40.8,1262.2,4445.5,2757.9,1687.7,5927,"proj year 2","During"
"2013-01-28",40,1155.8,3996.8,2518.3,1478.5,5329,"proj year 2","During"
"2013-01-29",40.1,1210.6,4189.2,2612.4,1576.8,5586,"proj year 2","During"
"2013-01-30",40.3,1066.3,3714,2374.5,1339.4,4952,"proj year 2","During"
"2013-01-31",41.2,1128.3,4016.3,2530.3,1486.1,5355,"proj year 2","During"
"2013-02-01",39.7,1145.7,3933.5,2472.1,1461.4,5245,"proj year 2","During"
"2013-02-02",41,903,3198,2010.5,1187.5,4264,"proj year 2","During"
"2013-02-03",42,855.5,3106,2050.4,1055.6,4141,"proj year 2","During"
"2013-02-04",42.3,758.7,2769.8,1863.2,906.5,3693,"proj year 2","During"
"2013-02-05",45.3,848.1,3316.2,2191.9,1124.4,4422,"proj year 2","During"
"2013-02-06",45.3,960.5,3763.3,2440,1323.3,5018,"proj year 2","During"
"2013-02-07",51.6,1077.6,4805.5,3058.8,1746.7,6407,"proj year 2","During"
"2013-02-08",45,1037.8,4036.6,2554.4,1482.2,5382,"proj year 2","During"
"2013-02-09",43.4,994.8,3733.1,2321.4,1411.7,4977,"proj year 2","During"
"2013-02-10",43.1,940,3496.4,2193.1,1303.3,4662,"proj year 2","During"
"2013-02-11",42.3,974.8,3565.7,2194.2,1371.5,4754,"proj year 2","During"
"2013-02-12",43.1,859.4,3199.3,1930.3,1269.1,4266,"proj year 2","During"
"2013-02-13",41.2,821.6,2924,2044.2,879.8,3899,"proj year 2","During"
"2013-02-14",42,756,2744.3,1984.2,760.1,3659,"proj year 2","During"
"2013-02-15",42.4,654.6,2398.5,1766.3,632.2,3198,"proj year 2","During"
"2013-02-16",43.5,574.7,2160.6,1601.1,559.4,2881,"proj year 2","During"
"2013-02-17",41.6,593.1,2132,1585.3,546.8,2843,"proj year 2","During"
"2013-02-18",40.9,595.3,2103,1595.3,507.8,2804,"proj year 2","During"
"2013-02-19",41.8,542.9,1962.9,1515.7,447.2,2617,"proj year 2","During"
"2013-02-20",43.5,527.8,1983.3,1554.1,429.2,2644,"proj year 2","During"
"2013-02-21",41.7,510,1838.6,1496.9,341.7,2451,"proj year 2","During"
"2013-02-22",44.2,571.8,2182.8,1678.6,504.2,2910,"proj year 2","During"
"2013-02-23",46.5,547.7,2201.5,1796,405.5,2935,"proj year 2","During"
"2013-02-24",44,511,1942.2,1624.3,317.9,2590,"proj year 2","During"
"2013-02-25",49.3,524.5,2233.1,1829.4,403.7,2978,"proj year 2","During"
"2013-02-26",47,492.9,2000.6,1764.7,235.9,2667,"proj year 2","During"
"2013-02-27",39.5,506.6,1730.7,1438.7,292,2308,"proj year 2","During"
"2013-02-28",39.3,513.1,1743.1,1129.9,613.1,2324,"proj year 2","During"
"2013-03-01",66,5065.6,28901.8,16307.7,12594.1,38536,"proj year 2","During"
"2013-03-02",73,6190.3,39067,21142,17925,52089,"proj year 2","During"
"2013-03-03",62.5,3366,18168.3,9904.7,8263.5,24224,"proj year 2","During"
"2013-03-04",53.3,2299.5,10598.7,5815.1,4783.6,14132,"proj year 2","During"
"2013-03-05",59,1684.5,8585.2,4716.8,3868.4,11447,"proj year 2","During"
"2013-03-06",60.5,1733.8,9063.7,4908.1,4155.6,12085,"proj year 2","During"
"2013-03-07",55.7,1522.5,7328.7,3923,3405.7,9772,"proj year 2","During"
"2013-03-08",50.7,1616.7,7081.9,4259.5,2822.4,9442,"proj year 2","During"
"2013-03-09",53,1945.2,8906.5,5270.1,3636.4,11875,"proj year 2","During"
"2013-03-10",53.4,1182.6,5456.3,3429.8,2026.5,7275,"proj year 2","During"
"2013-03-11",52.4,1104.5,4997,3150.9,1846.1,6663,"proj year 2","During"
"2013-03-12",76.7,6135.9,40669.6,22170.3,18499.2,54226,"proj year 2","During"
"2013-03-13",99.8,9816.8,84616,43311.2,41304.8,112821,"proj year 2","During"
"2013-03-14",83.6,8460.2,61087.3,31757.1,29330.1,81450,"proj year 2","During"
"2013-03-15",72.9,8080.5,50925.7,26470.2,24455.5,67901,"proj year 2","During"
"2013-03-16",78.8,5438.6,37034.1,19022.7,18011.3,49379,"proj year 2","During"
"2013-03-17",72.4,3340.2,20894.2,10938.9,9955.3,27859,"proj year 2","During"
"2013-03-18",70.7,4127.8,25219.6,12925.2,12294.4,33626,"proj year 2","During"
"2013-03-19",72.1,3802.2,23691.3,13039.3,10652,31588,"proj year 2","During"
"2013-03-20",92.9,8910.3,71499.9,36623.6,34876.4,95333,"proj year 2","During"
"2013-03-21",76.4,7171,47335.7,24891.5,22444.2,63114,"proj year 2","During"
"2013-03-22",61.9,5927.7,31722.4,16272.9,15449.5,42297,"proj year 2","During"
"2013-03-23",58.9,5325.1,27109.4,13532.5,13576.8,36146,"proj year 2","During"
"2013-03-24",59.1,2235.9,11425.2,5761.6,5663.7,15234,"proj year 2","During"
"2013-03-25",58.2,1519,7642,3811.6,3830.4,10189,"proj year 2","During"
"2013-03-26",54.8,1268,6007.5,3709.1,2298.4,8010,"proj year 2","During"
"2013-03-27",52.7,839.1,3817.9,2511.6,1306.4,5091,"proj year 2","During"
"2013-03-28",49.5,931.7,3983.1,2574.9,1408.2,5311,"proj year 2","During"
"2013-03-29",50,930.7,4019.8,2595,1424.8,5360,"proj year 2","During"
"2013-03-30",51.2,1468.7,6501.8,3953.2,2548.7,8669,"proj year 2","During"
"2013-03-31",49.2,1269,5393.2,3338.3,2054.9,7191,"proj year 2","During"
"2013-04-01",57.5,1162.4,5775.9,3629.4,2146.5,7701,"proj year 2","During"
"2013-04-02",61.8,1688.4,9008.9,5457.6,3551.3,12012,"proj year 2","During"
"2013-04-03",53.8,2138.3,9937.7,5815.8,4121.9,13250,"proj year 2","During"
"2013-04-04",55.5,3543,16976.8,9358.4,7618.4,22636,"proj year 2","During"
"2013-04-05",97.2,10295.7,86464.7,44004.4,42460.3,115286,"proj year 2","During"
"2013-04-06",109.3,8376.8,79103,40905.8,38197.2,105471,"proj year 2","During"
"2013-04-07",83.2,6924.5,49798.1,26413.3,23384.8,66397,"proj year 2","During"
"2013-04-08",74.2,6464.4,41462.2,22129.5,19332.6,55283,"proj year 2","During"
"2013-04-09",68.6,5512.2,32667.8,17606.1,15061.7,43557,"proj year 2","During"
"2013-04-10",85.9,6667.8,49498.2,26235.2,23263,65998,"proj year 2","During"
"2013-04-11",76.1,5290.4,34768.5,18892.7,15875.8,46358,"proj year 2","During"
"2013-04-12",67.7,3476.8,20335.5,11437.2,8898.3,27114,"proj year 2","During"
"2013-04-13",66.4,2734.4,15681.6,9050.7,6630.8,20909,"proj year 2","During"
"2013-04-14",65.3,2182.4,12303.4,7261.1,5042.3,16404,"proj year 2","During"
"2013-04-15",64.2,1470.5,8152.7,5027.6,3125.1,10870,"proj year 2","During"
"2013-04-16",60.7,1508.3,7912.6,4853.9,3058.7,10550,"proj year 2","During"
"2013-04-17",56.7,1344.6,6587.8,4117.6,2470.2,8784,"proj year 2","During"
"2013-04-18",55.2,1104.9,5266.1,3357.8,1908.2,7021,"proj year 2","During"
"2013-04-19",57.5,1091.1,5420.2,3478,1942.2,7227,"proj year 2","During"
"2013-04-20",55.2,1054,5030.7,3233.7,1797,6708,"proj year 2","During"
"2013-04-21",48.3,1120.7,4681.2,2998.7,1682.5,6242,"proj year 2","During"
"2013-04-22",49.3,1099,4685.7,3031.8,1653.9,6248,"proj year 2","During"
"2013-04-23",45.4,784.2,3073.3,2105.2,968.1,4098,"proj year 2","During"
"2013-04-24",41.7,731.9,2635.9,1854.5,781.5,3515,"proj year 2","During"
"2013-04-25",41.6,706,2539.4,1793.2,746.2,3386,"proj year 2","During"
"2013-04-26",47.3,777.5,3180.4,2200.9,979.5,4241,"proj year 2","During"
"2013-04-27",48.1,941.8,3916,2574,1342,5221,"proj year 2","During"
"2013-04-28",45.1,1081.8,4216.3,2718.3,1498,5622,"proj year 2","During"
"2013-04-29",39,1102.5,3719.2,2392.7,1326.5,4959,"proj year 2","During"
"2013-04-30",33.6,1161.6,3369.4,2146.6,1222.8,4493,"proj year 2","During"
"2013-05-01",32.3,1386.8,3867,2392.7,1474.3,5156,"proj year 2","During"
"2013-05-02",30.6,938.5,2478.1,1637.4,840.7,3304,"proj year 2","During"
"2013-05-03",25.9,1139.8,2551.4,1595.2,956.3,3402,"proj year 2","During"
"2013-05-04",34.6,1194.1,3569.2,2281.8,1287.4,4759,"proj year 2","During"
"2013-05-05",49.2,2131.4,9060.1,5346.2,3713.8,12080,"proj year 2","During"
"2013-05-06",76.3,5449.8,35933,19275.6,16657.4,47911,"proj year 2","During"
"2013-05-07",101.7,8553.4,75123.4,38628.2,36495.2,100165,"proj year 2","During"
"2013-05-08",105.7,7745.6,70749.8,36432.1,34317.8,94333,"proj year 2","During"
"2013-05-09",104.4,8572.2,77353.3,39532.1,37821.2,103138,"proj year 2","During"
"2013-05-10",105,8097.8,73489.3,38086.2,35403.1,97986,"proj year 2","During"
"2013-05-11",110.6,6998.6,66906.3,35234,31672.3,89208,"proj year 2","During"
"2013-05-12",140.9,8138.2,99092.1,51511.5,47580.6,132123,"proj year 2","During"
"2013-05-13",127.6,8128.4,89618.2,46471.4,43146.8,119491,"proj year 2","During"
"2013-05-14",102.2,7512.9,66338.6,34824.6,31514,88451,"proj year 2","During"
"2013-05-15",80.4,7343.7,51032,27046.8,23985.2,68043,"proj year 2","During"
"2013-05-16",75.7,7617.5,49845.6,26206.7,23638.8,66461,"proj year 2","During"
"2013-05-17",78.4,8812.6,59705.6,30596.6,29109,79607,"proj year 2","During"
"2013-05-18",68.8,6914.8,41119.1,21397.5,19721.6,54825,"proj year 2","During"
"2013-05-19",56.1,6117.2,29625,15537.7,14087.3,39500,"proj year 2","During"
"2013-05-20",51,5575.5,24586.4,12996.5,11589.9,32782,"proj year 2","During"
"2013-05-21",51.4,4802.2,21322.6,11391.2,9931.5,28430,"proj year 2","During"
"2013-05-22",46.5,3467,13937.4,7814.6,6122.8,18583,"proj year 2","During"
"2013-05-23",43.8,2925.8,11065,6203.8,4861.2,14753,"proj year 2","During"
"2013-05-24",40.3,2949.7,10277.1,5868.3,4408.9,13703,"proj year 2","During"
"2013-05-25",37.8,2486.3,8110.7,4704.5,3406.2,10814,"proj year 2","During"
"2013-05-26",45.5,2006.1,7878.6,4675.8,3202.8,10505,"proj year 2","During"
"2013-05-27",60.9,1726.7,9078.1,5472.3,3605.8,12104,"proj year 2","During"
"2013-05-28",67.8,1501.8,8800.9,5404,3396.9,11735,"proj year 2","During"
"2013-05-29",69.3,1535.4,9195.6,5611.8,3583.7,12261,"proj year 2","During"
"2013-05-30",67.2,1447.4,8404.2,5178.1,3226,11206,"proj year 2","During"
"2013-05-31",64.8,1187.7,6654,4243.1,2410.9,8872,"proj year 2","During"
"2013-06-01",63.3,1064.4,5822.6,3804,2018.5,7763,"proj year 2","During"
"2013-06-02",67.7,1111.1,6495.2,4223.5,2271.8,8660,"proj year 2","During"
"2013-06-03",73.5,1150.1,7298.6,4692.8,2605.8,9731,"proj year 2","During"
"2013-06-04",78.5,1139.3,7724.3,4964.7,2759.6,10299,"proj year 2","During"
"2013-06-05",87.8,1204.3,9137.1,5842.7,3294.3,12183,"proj year 2","During"
"2013-06-06",91.6,1961.4,15528.8,9202,6326.8,20705,"proj year 2","During"
"2013-06-07",86.2,3051.6,22720.2,12868.8,9851.4,30294,"proj year 2","During"
"2013-06-08",78.7,3902.3,26521,14598.6,11922.4,35361,"proj year 2","During"
"2013-06-09",71.5,2957.8,18280.9,10360.2,7920.7,24375,"proj year 2","During"
"2013-06-10",66.9,2621.5,15147.4,8697.7,6449.7,20196,"proj year 2","During"
"2013-06-11",62.3,2896.4,15584.5,8854.7,6729.8,20779,"proj year 2","During"
"2013-06-12",60.6,3284.7,17210.9,9651.4,7559.5,22948,"proj year 2","During"
"2013-06-13",55.7,3381.7,16284.9,9088.3,7196.6,21713,"proj year 2","During"
"2013-06-14",53.7,2807.2,13026.5,7419.6,5606.9,17369,"proj year 2","During"
"2013-06-15",55.4,2063.1,9875.8,5813.2,4062.6,13168,"proj year 2","During"
"2013-06-16",56.4,1699.7,8277.2,4982,3295.2,11036,"proj year 2","During"
"2013-06-17",62.1,1901.6,10209.4,6083.1,4126.2,13612,"proj year 2","During"
"2013-06-18",66.6,3344.5,19232.2,10795.4,8436.8,25643,"proj year 2","During"
"2013-06-19",59.1,2739.1,13994.7,7992.3,6002.4,18660,"proj year 2","During"
"2013-06-20",53,1645.4,7530.2,4564,2966.3,10040,"proj year 2","During"
"2013-06-21",51.9,1276,5724.3,3633.3,2091,7632,"proj year 2","During"
"2013-06-22",50.7,958.2,4200.6,2820.1,1380.4,5601,"proj year 2","During"
"2013-06-23",57.2,996,4924.8,3297.9,1626.9,6566,"proj year 2","During"
"2013-06-24",62.4,1222.3,6588.2,4191.8,2396.4,8784,"proj year 2","During"
"2013-06-25",62.1,1183.8,6347.8,4058.3,2289.5,8464,"proj year 2","During"
"2013-06-26",69.7,1654.2,9960.1,6016.3,3943.7,13280,"proj year 2","During"
"2013-06-27",71.8,1616.3,10021.4,6068.9,3952.5,13362,"proj year 2","During"
"2013-06-28",70.1,1852,11210.7,6612,4598.7,14948,"proj year 2","During"
"2013-06-29",69.1,2493.6,14893.3,8567.3,6326,19858,"proj year 2","During"
"2013-06-30",70.8,3402,20802.7,11581,9221.8,27737,"proj year 2","During"
"2013-07-01",81,3553.4,24882,13828.4,11053.6,33176,"proj year 2","During"
"2013-07-02",89.1,3876.7,29844.2,16329.8,13514.4,39792,"proj year 2","During"
"2013-07-03",73.9,2463.4,15725.9,9010.3,6715.7,20968,"proj year 2","During"
"2013-07-04",64,1683.1,9305.6,5569.3,3736.2,12407,"proj year 2","During"
"2013-07-05",58.4,1406.1,7096.5,4399,2697.6,9462,"proj year 2","During"
"2013-07-06",55.7,1033,4969.9,3294.1,1675.8,6626,"proj year 2","During"
"2013-07-07",53.7,895.9,4157.8,2857.3,1300.5,5544,"proj year 2","During"
"2013-07-08",53.9,844.4,3930.1,2820,1110.1,5240,"proj year 2","During"
"2013-07-09",52.2,865.5,3900.8,2830.8,1070.1,5201,"proj year 2","During"
"2013-07-10",51.8,570,2553,1865.6,687.4,3404,"proj year 2","During"
"2013-07-11",47.2,198.9,811.3,624.6,186.7,1082,"proj year 2","During"
"2013-07-12",40.8,165.8,584.8,462.6,122.2,780,"proj year 2","During"
"2013-07-13",37.1,149.1,478.5,385.5,93,638,"proj year 2","During"
"2013-07-14",36,135.6,421.6,345.3,76.3,562,"proj year 2","During"
"2013-07-15",36,118.2,367,308.7,58.3,489,"proj year 2","During"
"2013-07-16",35.4,114.8,350.9,296.2,54.7,468,"proj year 2","During"
"2013-07-17",36,129.9,404,334.3,69.6,539,"proj year 2","During"
"2013-07-18",36.9,129.9,413.9,340.8,73.2,552,"proj year 2","During"
"2013-07-19",35.8,121.2,375,313,62,500,"proj year 2","During"
"2013-07-20",34.5,111.3,331.3,281.7,49.6,442,"proj year 2","During"
"2013-07-21",33.3,108.1,311.2,267.2,44.1,415,"proj year 2","During"
"2013-07-22",32.9,106.8,303.8,261.5,42.2,405,"proj year 2","During"
"2013-07-23",31.5,101.9,277.2,239.1,38.1,370,"proj year 2","During"
"2013-07-24",31.1,100,268.5,233.9,34.7,358,"proj year 2","During"
"2013-07-25",30.4,90.8,238.4,215.2,23.2,318,"proj year 2","During"
"2013-07-26",29.3,83.8,212.3,195.7,16.6,283,"proj year 2","During"
"2013-07-27",28.3,83.9,204.9,190.2,14.7,273,"proj year 2","During"
"2013-07-28",27.2,87.4,205.3,187.9,17.4,274,"proj year 2","During"
"2013-07-29",26.4,83.3,190,176,14,253,"proj year 2","During"
"2013-07-30",26,85.6,192.1,175.7,16.5,256,"proj year 2","During"
"2013-07-31",25.6,79,175,159.7,15.3,233,"proj year 2","During"
"2013-08-01",25.7,77.9,173.3,161.7,11.6,231,"proj year 2","During"
"2013-08-02",25.3,80.8,177,164,13,236,"proj year 2","During"
"2013-08-03",24.2,82.2,171.5,156.1,15.4,229,"proj year 2","During"
"2013-08-04",23.8,81.4,167.4,155.3,12.1,223,"proj year 2","During"
"2013-08-05",24,85,176.5,161.2,15.3,235,"proj year 2","During"
"2013-08-06",23.4,87.6,177,160.7,16.4,236,"proj year 2","During"
"2013-08-07",22.4,86.2,166.8,150.8,16,222,"proj year 2","During"
"2013-08-08",22.2,84.3,161.4,145.2,16.2,215,"proj year 2","During"
"2013-08-09",21.8,90.2,170.1,150.5,19.6,227,"proj year 2","During"
"2013-08-10",21.6,85.1,158.6,142.2,16.4,211,"proj year 2","During"
"2013-08-11",21.9,84.2,159.2,145,14.2,212,"proj year 2","During"
"2013-08-12",20.5,79.1,140.2,130.4,9.8,187,"proj year 2","During"
"2013-08-13",19.1,80.4,132.9,123.4,9.5,177,"proj year 2","During"
"2013-08-14",17.8,75.4,115.8,108,7.7,154,"proj year 2","During"
"2013-08-15",22.1,85.5,163,150.8,12.3,217,"proj year 2","During"
"2013-08-16",18.9,75.7,123.3,115,8.3,164,"proj year 2","During"
"2013-08-17",17.7,73.3,112.2,104.9,7.3,150,"proj year 2","During"
"2013-08-18",17,73.2,107.2,100.2,6.9,143,"proj year 2","During"
"2013-08-19",15.9,67.8,93.3,87.8,5.5,124,"proj year 2","During"
"2013-08-20",15.3,68,90,84.7,5.4,120,"proj year 2","During"
"2013-08-21",14,67.1,81.1,76.3,4.8,108,"proj year 2","During"
"2013-08-22",13.4,67,77.6,73.1,4.5,103,"proj year 2","During"
"2013-08-23",13.6,70.6,83.1,78,5.2,111,"proj year 2","During"
"2013-08-24",14,71.2,86.4,80.9,5.4,115,"proj year 2","During"
"2013-08-25",13.1,71,80.4,75.4,5,107,"proj year 2","During"
"2013-08-26",12.3,71.1,75.8,71.1,4.7,101,"proj year 2","During"
"2013-08-27",12.8,71.4,78.9,73.9,5,105,"proj year 2","During"
"2013-08-28",17.5,75.9,115.1,97.2,17.9,153,"proj year 2","During"
"2013-08-29",23.4,109.4,220.9,179.9,41,294,"proj year 2","During"
"2013-08-30",33.3,166.1,477.2,368,109.3,636,"proj year 2","During"
"2013-08-31",17.8,88.7,136.7,115.8,20.9,182,"proj year 2","During"
"2013-09-01",14.5,80.6,101.3,86.5,14.9,135,"proj year 2","During"
"2013-09-02",14,80.4,97.3,83.1,14.3,130,"proj year 2","During"
"2013-09-03",14.1,83.9,102.4,87.1,15.3,137,"proj year 2","During"
"2013-09-04",12.9,81.1,90.1,76.9,13.2,120,"proj year 2","During"
"2013-09-05",12.2,83.1,87.7,76.1,11.5,117,"proj year 2","During"
"2013-09-06",12.2,86.3,90.9,79,11.9,121,"proj year 2","During"
"2013-09-07",12.1,84.4,88,76.8,11.2,117,"proj year 2","During"
"2013-09-08",11.6,87,86.9,74.8,12.1,116,"proj year 2","During"
"2013-09-09",11.2,92.1,89.4,77.9,11.5,119,"proj year 2","During"
"2013-09-10",10.9,100.4,94.9,80.6,14.3,126,"proj year 2","During"
"2013-09-11",10.5,102.8,93.3,81.4,11.9,124,"proj year 2","During"
"2013-09-12",10.8,101.8,95.3,82.2,13.1,127,"proj year 2","During"
"2013-09-13",11.1,93.7,89.9,81.8,8.1,120,"proj year 2","During"
"2013-09-14",10.4,92.5,83.4,78.8,4.6,111,"proj year 2","During"
"2013-09-15",10.7,86.6,79.7,78,1.7,106,"proj year 2","During"
"2013-09-16",12.30836168,155.7282635,165.7,110.4,55.3,220.9333333,"proj year 3","During"
"2013-09-17",11.62921356,118.5716623,119.6,80.3,39.3,159.4666667,"proj year 3","During"
"2013-09-18",9.750854708,118.5361997,99.6,66.9,32.7,132.8,"proj year 3","During"
"2013-09-19",8.653548132,133.3585186,99.9,66.9,33,133.2,"proj year 3","During"
"2013-09-20",8.06001229,134.992517,94.1,62.9,31.2,125.4666667,"proj year 3","During"
"2013-09-21",9.760118723,137.8241549,115.4,77.2,38.2,153.8666667,"proj year 3","During"
"2013-09-22",17.2064699,267.0382626,634.4,363.8,270.6,845.8666667,"proj year 3","During"
"2013-09-23",38.5788714,368.1695652,1241.2,801.9,439.3,1654.933333,"proj year 3","During"
"2013-09-24",20.79132416,191.0571288,359.1,237.4,121.7,478.8,"proj year 3","During"
"2013-09-25",13.88835537,123.9636091,149.5,100.2,49.3,199.3333333,"proj year 3","During"
"2013-09-26",11.03823331,103.043471,98.4,66.3,32.1,131.2,"proj year 3","During"
"2013-09-27",10.08308144,91.03441095,79.2,53.5,25.7,105.6,"proj year 3","During"
"2013-09-28",79.38142578,4394.980391,90721,59211.3,31509.7,120961.3333,"proj year 3","During"
"2013-09-29",164.1008408,8723.857433,125662.6,79697.7,45964.9,167550.1333,"proj year 3","During"
"2013-09-30",156.6512951,6741.196455,100584.5,63205.1,37379.4,134112.6667,"proj year 3","During"
"2013-10-01",93.77128445,3969.926705,32515.4,19743.6,12771.8,43353.86667,"proj year 3","During"
"2013-10-02",76.69158188,2983.372356,19898.8,11900.5,7998.3,26531.73333,"proj year 3","During"
"2013-10-03",59.77200874,2161.528303,11195.2,6578.7,4616.5,14926.93333,"proj year 3","During"
"2013-10-04",48.67050444,1776.735243,7502.6,4364.8,3137.8,10003.46667,"proj year 3","During"
"2013-10-05",44.43746625,1499.064077,5754.8,3316.2,2438.6,7673.066667,"proj year 3","During"
"2013-10-06",45.33690824,1142.813743,4488.9,2550.3,1938.6,5985.2,"proj year 3","During"
"2013-10-07",51.16441178,1286.585394,5822.1,3336,2486.1,7762.8,"proj year 3","During"
"2013-10-08",45.85267218,1050.130906,4198.7,2376.6,1822.1,5598.266667,"proj year 3","During"
"2013-10-09",36.85196246,731.1368738,2333.2,1295,1038.2,3110.933333,"proj year 3","During"
"2013-10-10",33.39257018,613.4791136,1771.3,973.6,797.7,2361.733333,"proj year 3","During"
"2013-10-11",31.23516736,423.07999,1146.1,731.8,414.3,1528.133333,"proj year 3","During"
"2013-10-12",29.0950615,322.3635626,811.3,530.3,281,1081.733333,"proj year 3","During"
"2013-10-13",27.28988771,264.3555429,623.6,409.9,213.7,831.4666667,"proj year 3","During"
"2013-10-14",25.94009574,220.9003632,495.6,327.3,168.3,660.8,"proj year 3","During"
"2013-10-15",24.76012849,186.0670435,398.2,264.2,134,530.9333333,"proj year 3","During"
"2013-10-16",24.11290764,168.2643593,350.5,233.1,117.4,467.3333333,"proj year 3","During"
"2013-10-17",23.08546814,166.8739094,332.5,218.9,113.6,443.3333333,"proj year 3","During"
"2013-10-18",21.99827549,751.3255267,1416.7,844.9,571.8,1888.933333,"proj year 3","During"
"2013-10-19",21.18909219,1737.595426,3183.9,1854.1,1329.8,4245.2,"proj year 3","During"
"2013-10-20",20.55067707,1373.022871,2436.1,1399.7,1036.4,3248.133333,"proj year 3","During"
"2013-10-21",20.11762405,859.5647751,1496,838.7,657.3,1994.666667,"proj year 3","During"
"2013-10-22",20.00912493,701.2615984,1211.8,681.4,530.4,1615.733333,"proj year 3","During"
"2013-10-23",19.62859178,640.2098652,1087.7,616.1,471.6,1450.266667,"proj year 3","During"
"2013-10-24",19.0499298,372.5516643,613.4,395.8,217.6,817.8666667,"proj year 3","During"
"2013-10-25",18.50586174,254.767477,408.2,268.5,139.7,544.2666667,"proj year 3","During"
"2013-10-26",17.83568311,194.1161781,299.3,197.3,102,399.0666667,"proj year 3","During"
"2013-10-27",17.64793246,185.1600815,281.5,178.9,102.6,375.3333333,"proj year 3","During"
"2013-10-28",17.07650375,132.8910082,195.9,131.1,64.8,261.2,"proj year 3","During"
"2013-10-29",16.41387288,121.8772365,173.1,116.1,57,230.8,"proj year 3","During"
"2013-10-30",15.95220126,112.417699,154.9,104.2,50.7,206.5333333,"proj year 3","During"
"2013-10-31",17.00322753,138.2756657,204.6,136.7,67.9,272.8,"proj year 3","During"
"2013-11-01",16.09851122,121.6273711,170.4,114.2,56.2,227.2,"proj year 3","During"
"2013-11-02",22.4583955,849.9025738,2134,1260.1,873.9,2845.333333,"proj year 3","During"
"2013-11-03",21.04677173,779.124596,1464.6,828.7,635.9,1952.8,"proj year 3","During"
"2013-11-04",16.80181964,647.0771411,942.7,545.4,397.3,1256.933333,"proj year 3","During"
"2013-11-05",17.09353212,329.5907377,484.9,313.7,171.2,646.5333333,"proj year 3","During"
"2013-11-06",16.84844323,1160.060584,1650.1,968.3,681.8,2200.133333,"proj year 3","During"
"2013-11-07",50.53146864,3453.765668,19762.3,12125.7,7636.6,26349.73333,"proj year 3","During"
"2013-11-08",36.79672532,2451.590051,7986.7,4731.9,3254.8,10648.93333,"proj year 3","During"
"2013-11-09",22.96148927,2006.560209,3958.3,2315.8,1642.5,5277.733333,"proj year 3","During"
"2013-11-10",18.09971965,2037.772453,3208.5,1881.3,1327.2,4278,"proj year 3","During"
"2013-11-11",16.7129828,2617.629989,3777.6,2248.6,1529,5036.8,"proj year 3","During"
"2013-11-12",23.4447365,3684.947593,8008.3,4874.8,3133.5,10677.73333,"proj year 3","During"
"2013-11-13",32.21217707,2567.876456,7140.9,4235.3,2905.6,9521.2,"proj year 3","During"
"2013-11-14",23.66241828,2366.232915,4806,2837.2,1968.8,6408,"proj year 3","During"
"2013-11-15",20.6063678,2080.594978,3732.2,2193.6,1538.6,4976.266667,"proj year 3","During"
"2013-11-16",22.47572184,1410.640276,2758,1585.3,1172.7,3677.333333,"proj year 3","During"
"2013-11-17",19.71862939,1173.159685,1998.9,1137,861.9,2665.2,"proj year 3","During"
"2013-11-18",22.74695774,1566.974785,3905.6,2324.6,1581,5207.466667,"proj year 3","During"
"2013-11-19",68.38231911,4598.580935,27618.6,16924.1,10694.5,36824.8,"proj year 3","During"
"2013-11-20",41.39418957,2995.600137,10834,6481.8,4352.2,14445.33333,"proj year 3","During"
"2013-11-21",31.32254852,2506.559455,6790.6,4021.2,2769.4,9054.133333,"proj year 3","During"
"2013-11-22",28.19435748,2413.59342,5886.7,3479.4,2407.3,7848.933333,"proj year 3","During"
"2013-11-23",26.96198252,2156.734845,5035.3,2959.3,2076,6713.733333,"proj year 3","During"
"2013-11-24",25.17926015,1632.803632,3555.6,2058.2,1497.4,4740.8,"proj year 3","During"
"2013-11-25",23.41260403,1185.953564,2405,1378.9,1026.1,3206.666667,"proj year 3","During"
"2013-11-26",21.96034212,864.0059773,1641.9,919.2,722.7,2189.2,"proj year 3","During"
"2013-11-27",21.47425967,657.3759533,1219.4,672.5,546.9,1625.866667,"proj year 3","During"
"2013-11-28",20.66181207,585.4653433,1048.7,592.3,456.4,1398.266667,"proj year 3","During"
"2013-11-29",19.5630074,454.162555,767.9,477.1,290.8,1023.866667,"proj year 3","During"
"2013-11-30",19.28200575,372.0565717,619.8,398.2,221.6,826.4,"proj year 3","During"
"2013-12-01",48.62088892,3467.856472,18526.3,11381.9,7144.4,24701.73333,"proj year 3","During"
"2013-12-02",53.08035062,3808.892542,17963.7,10898.1,7065.6,23951.6,"proj year 3","During"
"2013-12-03",34.4799662,2913.00853,8765.9,5236.3,3529.6,11687.86667,"proj year 3","During"
"2013-12-04",28.29966235,1904.034986,4656,2717.5,1938.5,6208,"proj year 3","During"
"2013-12-05",25.69130568,1761.113891,3915.2,2276.6,1638.6,5220.266667,"proj year 3","During"
"2013-12-06",25.43326492,1425.340458,3139.6,1805.2,1334.4,4186.133333,"proj year 3","During"
"2013-12-07",23.30361612,976.5950237,1966.3,1199.4,766.9,2621.733333,"proj year 3","During"
"2013-12-08",22.44207195,837.6435555,1622.6,907.6,715,2163.466667,"proj year 3","During"
"2013-12-09",21.93736501,652.2676836,1236.9,681.9,555,1649.2,"proj year 3","During"
"2013-12-10",21.46645686,594.5874335,1104.2,614.7,489.5,1472.266667,"proj year 3","During"
"2013-12-11",20.60978752,371.8865246,662.9,430.7,232.2,883.8666667,"proj year 3","During"
"2013-12-12",20.19185247,315.8685636,551.1,360.5,190.6,734.8,"proj year 3","During"
"2013-12-13",20.21687658,288.2070619,505.1,331.1,174,673.4666667,"proj year 3","During"
"2013-12-14",19.21461244,213.8397366,355.2,234.8,120.4,473.6,"proj year 3","During"
"2013-12-15",19.39335604,205.7166668,344.8,228.1,116.7,459.7333333,"proj year 3","During"
"2013-12-16",18.89904873,164.6010825,270,179.6,90.4,360,"proj year 3","During"
"2013-12-17",17.52434792,140.2584137,212.5,142,70.5,283.3333333,"proj year 3","During"
"2013-12-18",17.19058487,119.3022756,177.4,119.1,58.3,236.5333333,"proj year 3","During"
"2013-12-19",16.14639723,100.2113847,139.7,94.3,45.4,186.2666667,"proj year 3","During"
"2013-12-20",16.31994102,97.48418066,138.4,93.3,45.1,184.5333333,"proj year 3","During"
"2013-12-21",18.37776739,119.2934733,191,128.1,62.9,254.6666667,"proj year 3","During"
"2013-12-22",18.03685458,88.49013796,138,93.4,44.6,184,"proj year 3","During"
"2013-12-23",25.41669051,558.7963081,1398.9,800.2,598.7,1865.2,"proj year 3","During"
"2013-12-24",22.18695608,285.4044166,565.9,367.8,198.1,754.5333333,"proj year 3","During"
"2013-12-25",18.50938768,141.9572005,227.5,152,75.5,303.3333333,"proj year 3","During"
"2013-12-26",17.65401828,113.8391223,173.7,116.8,56.9,231.6,"proj year 3","During"
"2013-12-27",18.78042798,135.8346269,229.6,153.2,76.4,306.1333333,"proj year 3","During"
"2013-12-28",19.78691696,122.4231319,214.2,143.5,70.7,285.6,"proj year 3","During"
"2013-12-29",17.38297798,71.50774792,107.5,73.2,34.3,143.3333333,"proj year 3","During"
"2013-12-30",16.85259696,59.7639462,87,59.5,27.5,116,"proj year 3","During"
"2013-12-31",16.79897388,59.36722168,86.2,59,27.2,114.9333333,"proj year 3","During"
"2014-01-01",16.33251562,51.47067811,72.7,49.9,22.8,96.93333333,"proj year 3","During"
"2014-01-02",18.44214244,162.1702699,350.7,212.4,138.3,467.6,"proj year 3","During"
"2014-01-03",31.88547698,986.329532,3022,1733.3,1288.7,4029.333333,"proj year 3","During"
"2014-01-04",21.01718493,293.7926445,538.3,352.5,185.8,717.7333333,"proj year 3","During"
"2014-01-05",19.50341448,166.7366396,281.5,187.3,94.2,375.3333333,"proj year 3","During"
"2014-01-06",18.68172002,139.2413881,224.9,150.4,74.5,299.8666667,"proj year 3","During"
"2014-01-07",20.84858096,201.787389,381.6,251.8,129.8,508.8,"proj year 3","During"
"2014-01-08",23.47560412,245.0037964,530.8,329.5,201.3,707.7333333,"proj year 3","During"
"2014-01-09",28.49207212,386.8263729,985.5,597.9,387.6,1314,"proj year 3","During"
"2014-01-10",27.80466106,300.2192636,730.2,470.7,259.5,973.6,"proj year 3","During"
"2014-01-11",144.9227783,8069.703297,113851.1,72363.9,41487.2,151801.4667,"proj year 3","During"
"2014-01-12",81.10317578,5092.967048,36277.9,22330.1,13947.8,48370.53333,"proj year 3","During"
"2014-01-13",70.45713442,4210.130948,25618.1,15599.3,10018.8,34157.46667,"proj year 3","During"
"2014-01-14",60.93067676,3487.550443,18510.6,11164.6,7346,24680.8,"proj year 3","During"
"2014-01-15",46.74595123,2872.694079,11598.3,6918.1,4680.2,15464.4,"proj year 3","During"
"2014-01-16",42.02770567,2370.45445,8614.7,5087.3,3527.4,11486.26667,"proj year 3","During"
"2014-01-17",41.65117901,1913.539538,6882.8,4018.4,2864.4,9177.066667,"proj year 3","During"
"2014-01-18",38.86888026,1978.260395,6638.4,3883.4,2755,8851.2,"proj year 3","During"
"2014-01-19",35.62008829,1651.970605,5084.8,2944.8,2140,6779.733333,"proj year 3","During"
"2014-01-20",32.64052955,1564.169551,4406.5,2544.7,1861.8,5875.333333,"proj year 3","During"
"2014-01-21",30.15212151,1359.470497,3553.7,2038.3,1515.4,4738.266667,"proj year 3","During"
"2014-01-22",28.84627375,1124.440724,2806.3,1592.8,1213.5,3741.733333,"proj year 3","During"
"2014-01-23",27.18655757,904.6773493,2126.2,1192.8,933.4,2834.933333,"proj year 3","During"
"2014-01-24",26.00099841,890.249649,1999.3,1120.5,878.8,2665.733333,"proj year 3","During"
"2014-01-25",25.19096628,885.5404331,1928.1,1080.5,847.6,2570.8,"proj year 3","During"
"2014-01-26",24.44557678,1419.805677,3010,1765.5,1244.5,4013.333333,"proj year 3","During"
"2014-01-27",23.68152755,6922.408043,14141.1,8842.1,5299,18854.8,"proj year 3","During"
"2014-01-28",24.08904269,5913.374459,12300.5,7626.3,4674.2,16400.66667,"proj year 3","During"
"2014-01-29",37.27413991,6370.8084,20556.6,12794.9,7761.7,27408.8,"proj year 3","During"
"2014-01-30",36.28117581,5131.972509,16103.2,9905.5,6197.7,21470.93333,"proj year 3","During"
"2014-01-31",29.2224672,4647.639772,11748.9,7189.7,4559.2,15665.2,"proj year 3","During"
"2014-02-01",24.22146552,4072.174116,8520.7,5177.5,3343.2,11360.93333,"proj year 3","During"
"2014-02-02",22.23334357,4056.082521,7798,4739.5,3058.5,10397.33333,"proj year 3","During"
"2014-02-03",20.57307891,2807.489413,5005.2,2982.8,2022.4,6673.6,"proj year 3","During"
"2014-02-04",17.80013737,1918.582454,2961.8,1730.5,1231.3,3949.066667,"proj year 3","During"
"2014-02-05",16.92069858,1616.605644,2364.1,1368.5,995.6,3152.133333,"proj year 3","During"
"2014-02-06",15.60406461,1307.084695,1761,1008.7,752.3,2348,"proj year 3","During"
"2014-02-07",15.44588006,1085.469271,1450.2,824.4,625.8,1933.6,"proj year 3","During"
"2014-02-08",15.22543137,1078.670666,1419.7,804.3,615.4,1892.933333,"proj year 3","During"
"2014-02-09",15.47347821,1109.819921,1482.7,841.6,641.1,1976.933333,"proj year 3","During"
"2014-02-10",18.12323773,1639.059095,2642.7,1535.8,1106.9,3523.6,"proj year 3","During"
"2014-02-11",20.48590912,1593.300604,2853.4,1652.1,1201.3,3804.533333,"proj year 3","During"
"2014-02-12",48.33379459,5950.586185,25699.1,15983.2,9715.9,34265.46667,"proj year 3","During"
"2014-02-13",39.29371574,3901.512366,13305,8069.5,5235.5,17740,"proj year 3","During"
"2014-02-14",43.65893624,4354.193005,16583.4,10118.8,6464.6,22111.2,"proj year 3","During"
"2014-02-15",46.87984296,4918.614616,20675,12734.4,7940.6,27566.66667,"proj year 3","During"
"2014-02-16",69.63822462,5562.700302,34350.2,21266.6,13083.6,45800.26667,"proj year 3","During"
"2014-02-17",69.02568019,3952.6497,23674.5,14366,9308.5,31566,"proj year 3","During"
"2014-02-18",66.171627,3402.132866,19397.6,11671.8,7725.8,25863.46667,"proj year 3","During"
"2014-02-19",62.25740076,2461.068332,13275.5,7854,5421.5,17700.66667,"proj year 3","During"
"2014-02-20",53.11298742,2517.201239,11551.3,7046.3,4505,15401.73333,"proj year 3","During"
"2014-02-21",46.00141386,2460.517987,9781.6,5786.4,3995.2,13042.13333,"proj year 3","During"
"2014-02-22",41.56551516,2074.198582,7462.7,4375.6,3087.1,9950.266667,"proj year 3","During"
"2014-02-23",37.87342041,1625.554864,5340.2,3092.5,2247.7,7120.266667,"proj year 3","During"
"2014-02-24",35.43670519,1254.82269,3848,2196.6,1651.4,5130.666667,"proj year 3","During"
"2014-02-25",44.99509086,1393.55081,5409.7,3105.8,2303.9,7212.933333,"proj year 3","During"
"2014-02-26",47.38132165,1316.960391,5394.7,3088.7,2306,7192.933333,"proj year 3","During"
"2014-02-27",50.31951555,1249.895391,5435.7,3103.1,2332.6,7247.6,"proj year 3","During"
"2014-02-28",52.02252371,2235.890044,10000,6000,4000,13333.33333,"proj year 3","During"
"2014-03-01",49.76110051,2276.508655,9813.6,5785.5,4028.1,13084.8,"proj year 3","During"
"2014-03-02",49.12172654,1510.114796,6436.5,3711.5,2725,8582,"proj year 3","During"
"2014-03-03",63.09218702,2326.868181,12720.9,7504.1,5216.8,16961.2,"proj year 3","During"
"2014-03-04",72.27687267,2752.927012,17202.1,10235.8,6966.3,22936.13333,"proj year 3","During"
"2014-03-05",118.6138452,6427.241168,70311.4,44014,26297.4,93748.53333,"proj year 3","During"
"2014-03-06",279.9528203,13819.7895,350241.8,227842.2,122399.6,466989.0667,"proj year 3","During"
"2014-03-07",183.7737538,11428.0492,186419.4,119880.1,66539.3,248559.2,"proj year 3","During"
"2014-03-08",141.2120405,8351.333945,102703.7,64868.6,37835.1,136938.2667,"proj year 3","During"
"2014-03-09",240.2792472,11429.39893,238163.3,152884.3,85279,317551.0667,"proj year 3","During"
"2014-03-10",150.5901582,7563.89612,99946.5,62837.1,37109.4,133262,"proj year 3","During"
"2014-03-11",114.3816861,5023.802606,49736.7,30561.9,19174.8,66315.6,"proj year 3","During"
"2014-03-12",103.0725834,4044.8518,36085.5,21922,14163.5,48114,"proj year 3","During"
"2014-03-13",96.69599696,3283.011378,27432.8,16481.1,10951.7,36577.06667,"proj year 3","During"
"2014-03-14",107.3247526,3322.69169,31037.5,18668.5,12369,41383.33333,"proj year 3","During"
"2014-03-15",103.2926957,2960.207498,26671.6,15949.4,10722.2,35562.13333,"proj year 3","During"
"2014-03-16",158.9677654,5302.559998,73519.1,45332.7,28186.4,98025.46667,"proj year 3","During"
"2014-03-17",119.0007092,3557.936672,36683.3,22134.1,14549.2,48911.06667,"proj year 3","During"
"2014-03-18",102.0353876,2903.752712,25723.9,15364.6,10359.3,34298.53333,"proj year 3","During"
"2014-03-19",95.1818912,2229.584799,18358.1,10808.8,7549.3,24477.46667,"proj year 3","During"
"2014-03-20",87.17780784,1474.255935,11125.8,6406.6,4719.2,14834.4,"proj year 3","During"
"2014-03-21",78.8869115,1163.060147,7931.7,4509.8,3421.9,10575.6,"proj year 3","During"
"2014-03-22",67.82460131,1001.201091,5879,3316.7,2562.3,7838.666667,"proj year 3","During"
"2014-03-23",63.1088622,960.5217907,5237.5,2947.5,2290,6983.333333,"proj year 3","During"
"2014-03-24",57.90620802,775.6863217,3886.2,2163.3,1722.9,5181.6,"proj year 3","During"
"2014-03-25",65.8936162,803.6002092,4662.7,2603.9,2058.8,6216.933333,"proj year 3","During"
"2014-03-26",79.29712078,992.5797151,6938.7,3920.8,3017.9,9251.6,"proj year 3","During"
"2014-03-27",64.24944407,630.6140438,3502.1,1927.3,1574.8,4669.466667,"proj year 3","During"
"2014-03-28",59.78049754,631.5569727,3271.9,1801.5,1470.4,4362.533333,"proj year 3","During"
"2014-03-29",77.95977185,1082.598983,7371.5,4180.1,3191.4,9828.666667,"proj year 3","During"
"2014-03-30",77.94643171,1226.770495,8313.8,4741.8,3572,11085.06667,"proj year 3","During"
"2014-03-31",62.80537404,863.0696597,4704.7,2634.1,2070.6,6272.933333,"proj year 3","During"
"2014-04-01",55.02019633,742.5188972,3535.8,1963.2,1572.6,4714.4,"proj year 3","During"
"2014-04-02",50.81415236,595.2362912,2613.3,1594.1,1019.2,3484.4,"proj year 3","During"
"2014-04-03",48.21359866,NA,2000,1000,1000,2666.666667,"proj year 3","During"
"2014-04-04",49.57722233,344.7721369,1476.8,900.9,575.9,1969.066667,"proj year 3","During"
"2014-04-05",46.13315571,315.5927849,1258.8,823.4,435.4,1678.4,"proj year 3","During"
"2014-04-06",49.37717974,317.054411,1354.3,883.4,470.9,1805.733333,"proj year 3","During"
"2014-04-07",48.10690928,274.4817701,1141.8,749.7,392.1,1522.4,"proj year 3","During"
"2014-04-08",55.70185968,321.186595,1546.7,1011.2,535.5,2062.266667,"proj year 3","During"
"2014-04-09",60.52955423,380.2597995,2000.4,1284.1,716.3,2667.2,"proj year 3","During"
"2014-04-10",52.07442069,284.9002889,1289.3,845.1,444.2,1719.066667,"proj year 3","During"
"2014-04-11",48.7570477,198.3938376,835.5,553.3,282.2,1114,"proj year 3","During"
"2014-04-12",47.853522,168.8892698,698.4,464.6,233.8,931.2,"proj year 3","During"
"2014-04-13",47.03334737,158.8509702,645.8,430.3,215.5,861.0666667,"proj year 3","During"
"2014-04-14",46.80663243,185.5760919,750.4,497.8,252.6,1000.533333,"proj year 3","During"
"2014-04-15",46.88664947,161.6598922,655.4,436.4,219,873.8666667,"proj year 3","During"
"2014-04-16",46.98333672,150.0509681,609.3,406.5,202.8,812.4,"proj year 3","During"
"2014-04-17",63.16011431,363.4464872,2063.9,1277.1,786.8,2751.866667,"proj year 3","During"
"2014-04-18",61.23970543,383.8880678,2092.4,1277.1,815.3,2789.866667,"proj year 3","During"
"2014-04-19",53.97815935,287.5553701,1348.4,883.9,464.5,1797.866667,"proj year 3","During"
"2014-04-20",57.29219829,282.1661124,1410.3,924.8,485.5,1880.4,"proj year 3","During"
"2014-04-21",50.53075869,231.002591,1010.8,666.5,344.3,1347.733333,"proj year 3","During"
"2014-04-22",49.82727557,214.5577764,924.6,611,313.6,1232.8,"proj year 3","During"
"2014-04-23",48.20693058,166.7312022,695.7,462.9,232.8,927.6,"proj year 3","During"
"2014-04-24",69.6114879,435.2093009,2719.1,1595.9,1123.2,3625.466667,"proj year 3","During"
"2014-04-25",64.17366345,333.3802945,1865.3,1214.6,650.7,2487.066667,"proj year 3","During"
"2014-04-26",55.95524697,233.1030752,1128.6,744,384.6,1504.8,"proj year 3","During"
"2014-04-27",55.40846388,196.9614645,942.8,624.6,318.2,1257.066667,"proj year 3","During"
"2014-04-28",51.3576014,144.1070035,641.1,428.2,212.9,854.8,"proj year 3","During"
"2014-04-29",48.38363487,115.0853371,481.6,323.6,158,642.1333333,"proj year 3","During"
"2014-04-30",52.47117183,126.1479556,575.2,385.5,189.7,766.9333333,"proj year 3","During"
"2014-05-01",65.99920535,245.434834,1420.2,923.6,496.6,1893.6,"proj year 3","During"
"2014-05-02",76.4436824,545.9350363,3621.3,2009.3,1612,4828.4,"proj year 3","During"
"2014-05-03",76.08151158,736.3589871,4842.8,2687.2,2155.6,6457.066667,"proj year 3","During"
"2014-05-04",84.36336456,1246.893127,9406.9,5403.2,4003.7,12542.53333,"proj year 3","During"
"2014-05-05",85.75115184,1702.728887,12705.3,7377.7,5327.6,16940.4,"proj year 3","During"
"2014-05-06",72.06237705,1105.565508,6913.4,3922.6,2990.8,9217.866667,"proj year 3","During"
"2014-05-07",64.6106324,896.803662,5012.9,2811.6,2201.3,6683.866667,"proj year 3","During"
"2014-05-08",64.80614054,698.877336,3916.4,2169.1,1747.3,5221.866667,"proj year 3","During"
"2014-05-09",73.0431228,919.4560297,5807.9,3261.5,2546.4,7743.866667,"proj year 3","During"
"2014-05-10",66.29007937,633.4774567,3648,2009.2,1638.8,4864,"proj year 3","During"
"2014-05-11",60.83187673,480.7271959,2530.8,1440.1,1090.7,3374.4,"proj year 3","During"
"2014-05-12",57.1364524,391.2467138,1930.7,1240,690.7,2574.266667,"proj year 3","During"
"2014-05-13",62.11069226,353.6076301,1903.4,1234.7,668.7,2537.866667,"proj year 3","During"
"2014-05-14",78.3058173,500.2904492,3411.4,1965.3,1446.1,4548.533333,"proj year 3","During"
"2014-05-15",92.20612548,987.1778669,7875.4,4440,3435.4,10500.53333,"proj year 3","During"
"2014-05-16",92.63560238,1311.252039,10708.9,6141.7,4567.2,14278.53333,"proj year 3","During"
"2014-05-17",76.27701972,997.8653218,6586.7,3715.5,2871.2,8782.266667,"proj year 3","During"
"2014-05-18",67.75799294,874.6932335,5137.3,2878.2,2259.1,6849.733333,"proj year 3","During"
"2014-05-19",67.05608667,643.4609905,3741.7,2062.1,1679.6,4988.933333,"proj year 3","During"
"2014-05-20",62.60747524,505.1042012,2737.9,1548.6,1189.3,3650.533333,"proj year 3","During"
"2014-05-21",62.35748123,400.1411236,2158,1362.4,795.6,2877.333333,"proj year 3","During"
"2014-05-22",65.58496805,414.9646791,2361.9,1458.9,903,3149.2,"proj year 3","During"
"2014-05-23",98.26046769,829.4907864,7499.8,4224.5,3275.3,9999.733333,"proj year 3","During"
"2014-05-24",96.23808022,1775.987873,15190.9,8859.6,6331.3,20254.53333,"proj year 3","During"
"2014-05-25",71.41816171,1285.745473,7983.2,4569.5,3413.7,10644.26667,"proj year 3","During"
"2014-05-26",65.94713886,916.4600947,5234,2939.4,2294.6,6978.666667,"proj year 3","During"
"2014-05-27",63.49527449,657.5166695,3618.7,1997.1,1621.6,4824.933333,"proj year 3","During"
"2014-05-28",58.28706587,503.498465,2544.1,1441.6,1102.5,3392.133333,"proj year 3","During"
"2014-05-29",54.97624771,348.2993189,1657,1070.1,586.9,2209.333333,"proj year 3","During"
"2014-05-30",53.43782301,268.1160359,1238.2,813.4,424.8,1650.933333,"proj year 3","During"
"2014-05-31",54.40574855,239.8833123,1129.4,744,385.4,1505.866667,"proj year 3","During"
"2014-06-01",56.31836131,221.2785727,1077.5,711.5,366,1436.666667,"proj year 3","During"
"2014-06-02",62.25119793,222.6277709,1204.4,794.7,409.7,1605.866667,"proj year 3","During"
"2014-06-03",67.13683805,211.9864683,1234.8,816.1,418.7,1646.4,"proj year 3","During"
"2014-06-04",68.56494824,200.5772657,1210.6,800.4,410.2,1614.133333,"proj year 3","During"
"2014-06-05",61.99752046,128.6104921,693.3,464.4,228.9,924.4,"proj year 3","During"
"2014-06-06",57.11814397,133.2165868,660.2,441.8,218.4,880.2666667,"proj year 3","During"
"2014-06-07",56.50743896,109.3572485,534.8,359.9,174.9,713.0666667,"proj year 3","During"
"2014-06-08",58.84377712,112.7021956,575.8,387,188.8,767.7333333,"proj year 3","During"
"2014-06-09",60.89198779,116.062529,615.7,413.4,202.3,820.9333333,"proj year 3","During"
"2014-06-10",56.10030228,87.00384655,424.3,287.2,137.1,565.7333333,"proj year 3","During"
"2014-06-11",49.96506574,79.54476737,343.6,233.2,110.4,458.1333333,"proj year 3","During"
"2014-06-12",50.19055682,67.09293873,291,198.4,92.6,388,"proj year 3","During"
"2014-06-13",52.57700411,71.23598554,323.9,220.4,103.5,431.8666667,"proj year 3","During"
"2014-06-14",52.30453572,67.69881396,307.8,209.8,98,410.4,"proj year 3","During"
"2014-06-15",47.51285022,60.55286462,248.7,170,78.7,331.6,"proj year 3","During"
"2014-06-16",45.46150773,53.83108153,211.4,145,66.4,281.8666667,"proj year 3","During"
"2014-06-17",42.98423764,64.7246186,240.4,164,76.4,320.5333333,"proj year 3","During"
"2014-06-18",44.1492749,60.6497324,231.8,158.4,73.4,309.0666667,"proj year 3","During"
"2014-06-19",44.62531163,54.45451348,210.2,144.1,66.1,280.2666667,"proj year 3","During"
"2014-06-20",46.60775406,60.74158907,246.1,168.1,78,328.1333333,"proj year 3","During"
"2014-06-21",42.26705072,38.45710737,140.8,97.4,43.4,187.7333333,"proj year 3","During"
"2014-06-22",41.5028865,38.88925873,139.7,96.6,43.1,186.2666667,"proj year 3","During"
"2014-06-23",42.49880545,33.68413686,123.8,86,37.8,165.0666667,"proj year 3","During"
"2014-06-24",43.17841051,32.97029255,123.2,85.6,37.6,164.2666667,"proj year 3","During"
"2014-06-25",44.75684809,36.4979504,142,98.4,43.6,189.3333333,"proj year 3","During"
"2014-06-26",43.89872925,28.5835473,108.6,75.8,32.8,144.8,"proj year 3","During"
"2014-06-27",45.75276704,38.03208238,150.9,104.4,46.5,201.2,"proj year 3","During"
"2014-06-28",48.31459629,46.51929413,194.5,133.9,60.6,259.3333333,"proj year 3","During"
"2014-06-29",45.53667142,38.3396508,152.2,105.3,46.9,202.9333333,"proj year 3","During"
"2014-06-30",41.43711826,33.05293745,118.4,82.2,36.2,157.8666667,"proj year 3","During"
"2014-07-01",41.37299359,32.30195724,115.6,80.4,35.2,154.1333333,"proj year 3","During"
"2014-07-02",44.73295107,41.79977196,162,111.8,50.2,216,"proj year 3","During"
"2014-07-03",43.58084249,39.49807233,151.6,104.7,46.9,202.1333333,"proj year 3","During"
"2014-07-04",38.09120078,28.58300788,94.4,65.8,28.6,125.8666667,"proj year 3","During"
"2014-07-05",34.91823147,27.29370433,82.4,57.6,24.8,109.8666667,"proj year 3","During"
"2014-07-06",39.90032264,28.52979675,98.5,68.7,29.8,131.3333333,"proj year 3","During"
"2014-07-07",41.59111983,27.4583435,99.3,69.3,30,132.4,"proj year 3","During"
"2014-07-08",40.92787894,24.78930606,88.3,61.8,26.5,117.7333333,"proj year 3","During"
"2014-07-09",39.89098122,24.04949645,83.8,58.7,25.1,111.7333333,"proj year 3","During"
"2014-07-10",36.64639434,20.23531709,64.6,45.5,19.1,86.13333333,"proj year 3","During"
"2014-07-11",35.16110841,22.89247099,69.5,48.8,20.7,92.66666667,"proj year 3","During"
"2014-07-12",36.07656767,28.05921944,87.5,61.1,26.4,116.6666667,"proj year 3","During"
"2014-07-13",36.12016096,23.83585354,74.7,52.4,22.3,99.6,"proj year 3","During"
"2014-07-14",37.77670628,24.45543344,80.2,56.2,24,106.9333333,"proj year 3","During"
"2014-07-15",35.55344809,23.51619073,72.7,50.9,21.8,96.93333333,"proj year 3","During"
"2014-07-16",33.38125634,26.63220242,76.6,53.6,23,102.1333333,"proj year 3","During"
"2014-07-17",31.64375205,27.0045818,73.9,51.6,22.3,98.53333333,"proj year 3","During"
"2014-07-18",29.21404846,27.83713181,70.1,48.9,21.2,93.46666667,"proj year 3","During"
"2014-07-19",31.33050307,30.52929696,83,57.8,25.2,110.6666667,"proj year 3","During"
"2014-07-20",30.50098489,34.96253071,92.7,64.3,28.4,123.6,"proj year 3","During"
"2014-07-21",27.42111841,30.54717223,72.4,50.4,22,96.53333333,"proj year 3","During"
"2014-07-22",25.92555691,29.55410659,66.1,46.1,20,88.13333333,"proj year 3","During"
"2014-07-23",25.93240729,30.40491839,68,47.4,20.6,90.66666667,"proj year 3","During"
"2014-07-24",26.06412132,32.55030155,73,50.8,22.2,97.33333333,"proj year 3","During"
"2014-07-25",24.37924037,35.83428417,75.2,52.1,23.1,100.2666667,"proj year 3","During"
"2014-07-26",23.47592496,45.24892611,91.8,63.2,28.6,122.4,"proj year 3","During"
"2014-07-27",22.87091227,36.08315212,71.4,49.5,21.9,95.2,"proj year 3","During"
"2014-07-28",22.87496021,33.20862246,65.8,45.7,20.1,87.73333333,"proj year 3","During"
"2014-07-29",23.3510613,25.77894633,52.1,36.4,15.7,69.46666667,"proj year 3","During"
"2014-07-30",23.47343392,25.11140484,51.2,35.8,15.4,68.26666667,"proj year 3","During"
"2014-07-31",22.41038021,22.44583269,43.5,30.5,13,58,"proj year 3","During"
"2014-08-01",21.74801762,22.14013494,41.6,29.2,12.4,55.46666667,"proj year 3","During"
"2014-08-02",20.93812499,29.24802993,52.9,36.9,16,70.53333333,"proj year 3","During"
"2014-08-03",21.30680504,29.46774799,54.2,37.8,16.4,72.26666667,"proj year 3","During"
"2014-08-04",20.65491312,30.79398214,54.9,38.2,16.7,73.2,"proj year 3","During"
"2014-08-05",20.27014866,42.08868015,73.7,50.9,22.8,98.26666667,"proj year 3","During"
"2014-08-06",19.59271091,30.21534359,51.3,35.7,15.6,68.4,"proj year 3","During"
"2014-08-07",18.63963042,22.94717288,37,26,11,49.33333333,"proj year 3","During"
"2014-08-08",17.41090719,21.60230847,32.3,22.7,9.6,43.06666667,"proj year 3","During"
"2014-08-09",16.60794792,18.80282592,27,19,8,36,"proj year 3","During"
"2014-08-10",15.96867123,23.01114994,31.8,22.3,9.5,42.4,"proj year 3","During"
"2014-08-11",15.72961265,23.43273906,31.8,22.3,9.5,42.4,"proj year 3","During"
"2014-08-12",17.15261039,13.99129458,20.7,14.7,6,27.6,"proj year 3","During"
"2014-08-13",24.87029162,57.2789489,141.4,95.9,45.5,188.5333333,"proj year 3","During"
"2014-08-14",22.16747898,29.4706494,57.8,40.2,17.6,77.06666667,"proj year 3","During"
"2014-08-15",19.1417165,24.983323,41.6,29.1,12.5,55.46666667,"proj year 3","During"
"2014-08-16",17.60108176,20.5504178,31.1,21.9,9.2,41.46666667,"proj year 3","During"
"2014-08-17",16.56915609,21.19750299,30.5,21.4,9.1,40.66666667,"proj year 3","During"
"2014-08-18",16.04972407,18.32889579,25.4,17.9,7.5,33.86666667,"proj year 3","During"
"2014-08-19",16.03679346,24.36621344,33.8,23.6,10.2,45.06666667,"proj year 3","During"
"2014-08-20",15.4003552,15.54867284,20.7,14.7,6,27.6,"proj year 3","During"
"2014-08-21",14.014257,20.24577272,24.5,17.3,7.2,32.66666667,"proj year 3","During"
"2014-08-22",12.95741626,19.36761645,21.7,15.3,6.4,28.93333333,"proj year 3","During"
"2014-08-23",12.37270043,16.72500829,17.9,12.6,5.3,23.86666667,"proj year 3","During"
"2014-08-24",12.15792617,9.694551629,10.2,7.3,2.9,13.6,"proj year 3","During"
"2014-08-25",11.84380699,11.1115695,11.4,8.1,3.3,15.2,"proj year 3","During"
